Training score,Validation score,Testing score,Task,Dataset,Network,Method
0.7023523415181511,0.647367178744134,0.6079676892603474,DOID:4964,DisGeNet,GIANT-TN-c01,gcn
1.0205025055348886,0.5251655739704147,0.2377894474748326,DOID:3463,DisGeNet,GIANT-TN-c01,gcn
0.9652556534629136,0.5723711721595792,0.44694390801336215,DOID:1279,DisGeNet,GIANT-TN-c01,gcn
0.7708230896988886,0.5549224199945993,0.6824986306896013,DOID:2994,DisGeNet,GIANT-TN-c01,gcn
0.9403264412872252,0.48199842191902054,0.34449794626857516,DOID:303,DisGeNet,GIANT-TN-c01,gcn
0.7967447087200817,1.0575039215855557,0.80552118490201,DOID:3312,DisGeNet,GIANT-TN-c01,gcn
0.9785087730692752,0.26081247902102733,0.13364012060380012,DOID:345,DisGeNet,GIANT-TN-c01,gcn
1.1662993799488603,1.1813700227718529,2.0115376449496116,DOID:2531,DisGeNet,GIANT-TN-c01,gcn
0.8364436297077971,0.569766387372091,0.36563696249502453,DOID:403,DisGeNet,GIANT-TN-c01,gcn
0.7923400193148215,0.9456480056075858,1.0783654985656954,DOID:2952,DisGeNet,GIANT-TN-c01,gcn
1.0139749261890663,0.5784964433782898,1.5725873495039155,DOID:1443,DisGeNet,GIANT-TN-c01,gcn
0.8953792138533889,0.9780689014745352,1.3158691662850166,DOID:423,DisGeNet,GIANT-TN-c01,gcn
0.9084176432081643,0.392759324364772,0.5974954728819617,DOID:76,DisGeNet,GIANT-TN-c01,gcn
1.0236988937176714,1.4083669109866481,0.038668620511705006,DOID:10763,DisGeNet,GIANT-TN-c01,gcn
1.1395786081726682,0.7065554939558655,0.9226789969694709,DOID:5679,DisGeNet,GIANT-TN-c01,gcn
0.9561227089205043,0.7176026230271335,0.4988467609767307,DOID:10155,DisGeNet,GIANT-TN-c01,gcn
1.0474194660734788,0.513585137942689,0.8161484482362739,DOID:3393,DisGeNet,GIANT-TN-c01,gcn
1.4536989649541554,0.6681376351850684,0.8204580782988282,DOID:417,DisGeNet,GIANT-TN-c01,gcn
0.986161258765053,0.28341208186486516,0.545866609184031,DOID:2723,DisGeNet,GIANT-TN-c01,gcn
1.006160098485241,1.2894314279723473,0.7315645641760576,DOID:848,DisGeNet,GIANT-TN-c01,gcn
0.7327104097661207,0.6797651897389403,1.1055307821144686,DOID:12849,DisGeNet,GIANT-TN-c01,gcn
0.9004221269373666,-0.15419448667516703,0.40398186571633593,DOID:3571,DisGeNet,GIANT-TN-c01,gcn
0.6440788756444675,0.6372708338126819,0.1180512660947059,DOID:374,DisGeNet,GIANT-TN-c01,gcn
0.8643037347568239,0.5390028466446843,0.5408746887699549,DOID:110,DisGeNet,GIANT-TN-c01,gcn
1.1562855186963434,1.5219076838956282,0.2457659217655536,DOID:2355,DisGeNet,GIANT-TN-c01,gcn
1.0240418744951438,0.21396496562379114,0.13267310545605343,DOID:4159,DisGeNet,GIANT-TN-c01,gcn
0.7548202747456313,2.2912558138064463,-0.2016904591534962,DOID:9351,DisGeNet,GIANT-TN-c01,gcn
0.7358525646723059,1.200216573029215,0.7386187668010091,DOID:1247,DisGeNet,GIANT-TN-c01,gcn
1.721789928252238,1.6282002054853109,2.589741922989673,DOID:2786,DisGeNet,GIANT-TN-c01,gcn
0.8290138416265344,1.098584399854351,0.9997571334750929,DOID:0050700,DisGeNet,GIANT-TN-c01,gcn
1.400498676255716,1.4623022174899296,1.6376873353654617,DOID:480,DisGeNet,GIANT-TN-c01,gcn
1.2503079870678981,1.5313736014625283,1.0903753661581281,DOID:3620,DisGeNet,GIANT-TN-c01,gcn
1.1324682719573804,-0.07231170165582967,0.08143389290512264,DOID:6050,DisGeNet,GIANT-TN-c01,gcn
1.1823027129445214,0.6006894337915478,0.7825984973839171,DOID:9837,DisGeNet,GIANT-TN-c01,gcn
0.7434259220091988,0.11160234453776777,-0.022259760803456822,DOID:1682,DisGeNet,GIANT-TN-c01,gcn
0.9281879583462259,0.819380103721302,0.8257011157536426,DOID:2256,DisGeNet,GIANT-TN-c01,gcn
1.5124972778911165,0.46310260631333977,1.6424038120013205,DOID:10952,DisGeNet,GIANT-TN-c01,gcn
1.217589354094376,0.50079365633419,0.251474397729413,DOID:11383,DisGeNet,GIANT-TN-c01,gcn
1.0647264271778396,0.4270961387656178,0.9714485230367043,DOID:161,DisGeNet,GIANT-TN-c01,gcn
1.0366500850293563,0.7556331749280442,1.3699884395801178,DOID:1934,DisGeNet,GIANT-TN-c01,gcn
0.6212915021151451,-0.1006880774910733,0.3261540689553086,DOID:10124,DisGeNet,GIANT-TN-c01,gcn
1.9881040116983615,1.1256767943522383,1.3762805461394056,DOID:1891,DisGeNet,GIANT-TN-c01,gcn
1.5270393541263998,1.1545777774086161,1.151023930198329,DOID:0060260,DisGeNet,GIANT-TN-c01,gcn
0.951133214790976,0.18626732707398064,0.6035698979594458,DOID:1924,DisGeNet,GIANT-TN-c01,gcn
1.2678149011548547,1.7372610224992966,0.6670249657643903,DOID:299,DisGeNet,GIANT-TN-c01,gcn
0.9766783370994684,0.06129372753478941,-0.22093505419292747,DOID:0050567,DisGeNet,GIANT-TN-c01,gcn
1.3053709945167964,0.8613966818193778,0.40196591646319585,DOID:3891,DisGeNet,GIANT-TN-c01,gcn
0.910942417644654,1.1548360293736621,-0.06753100461832594,DOID:263,DisGeNet,GIANT-TN-c01,gcn
1.8918930989358351,2.1014653130230294,1.837311106349654,DOID:1205,DisGeNet,GIANT-TN-c01,gcn
1.124355873256873,0.2932343343006455,0.6423297708294692,DOID:381,DisGeNet,GIANT-TN-c01,gcn
1.4298090190169537,0.8464694922828431,0.09756788102924807,DOID:120,DisGeNet,GIANT-TN-c01,gcn
1.2989283353478103,0.3156106379470053,0.7525185949288103,DOID:289,DisGeNet,GIANT-TN-c01,gcn
1.1189236186382419,2.7739563484047913,-0.041984140784171,DOID:50,DisGeNet,GIANT-TN-c01,gcn
1.2343963107535363,0.6369592081974018,0.8594998467483388,DOID:1324,DisGeNet,GIANT-TN-c01,gcn
1.4163735507655477,0.3930202265642876,0.08441921971677452,DOID:5082,DisGeNet,GIANT-TN-c01,gcn
1.7128273296647076,2.8729600670736346,3.3274497484307592,DOID:934,DisGeNet,GIANT-TN-c01,gcn
1.514487063955151,0.8787900719409502,1.7992535752466483,DOID:680,DisGeNet,GIANT-TN-c01,gcn
1.0954147875666655,0.44362586768972134,0.16352032625843937,DOID:0050888,DisGeNet,GIANT-TN-c01,gcn
2.221074162399143,0.7065124749277834,0.5320084081842207,DOID:10584,DisGeNet,GIANT-TN-c01,gcn
0.7624486083057236,0.5309002834420835,0.35177781703483973,DOID:1432,DisGeNet,GIANT-TN-c01,gcn
1.2184283148742314,0.47445865366804335,0.07702280924463532,DOID:1100,DisGeNet,GIANT-TN-c01,gcn
0.7612170971898055,0.5119100627039364,0.9315495101193397,DOID:421,DisGeNet,GIANT-TN-c01,gcn
1.3292814079333561,0.5610337329939226,1.0641016132220709,DOID:11836,DisGeNet,GIANT-TN-c01,gcn
1.715443428329637,3.1016825362924303,2.0908928410133085,DOID:7148,DisGeNet,GIANT-TN-c01,gcn
1.498252287529421,1.6786528036651918,3.249758321950014,DOID:1037,DisGeNet,GIANT-TN-c01,gcn
2.333787961789046,1.003383388814486,1.3526590599922996,DOID:11612,DisGeNet,GIANT-TN-c01,gcn
0.9293226018129271,0.8307601997366002,0.8502941710367518,DOID:5418,DisGeNet,GIANT-TN-c01,gcn
1.5429140075105074,1.787008432347614,0.965908590576769,DOID:930,DisGeNet,GIANT-TN-c01,gcn
1.3502703509523724,1.0717166482446194,-0.14172471583793264,DOID:1686,DisGeNet,GIANT-TN-c01,gcn
0.9370545851446348,0.6121310538152943,0.4939268623692359,DOID:1074,DisGeNet,GIANT-TN-c01,gcn
1.526498418630558,0.09920423520066984,0.29099507678989656,DOID:365,DisGeNet,GIANT-TN-c01,gcn
1.6322193011323822,1.5296004772329055,2.0994964286904376,DOID:4079,DisGeNet,GIANT-TN-c01,gcn
1.552351935535786,1.093047173455624,2.6314514858728537,DOID:767,DisGeNet,GIANT-TN-c01,gcn
1.7341827582463487,0.923029785992112,-0.22118361901706432,DOID:9975,DisGeNet,GIANT-TN-c01,gcn
1.2460775799990595,0.20488704863903606,-0.1117781871649577,DOID:10629,DisGeNet,GIANT-TN-c01,gcn
4.543123009024041,3.3760684189456205,1.9548205855080512,DOID:700,DisGeNet,GIANT-TN-c01,gcn
1.2166358188050155,1.3395430365772514,0.8364109301039915,DOID:9741,DisGeNet,GIANT-TN-c01,gcn
3.5787300799654442,3.170202084997956,1.9358058872518815,DOID:3650,DisGeNet,GIANT-TN-c01,gcn
1.7214999239393574,0.8524926741731511,1.6012128980906337,DOID:1790,DisGeNet,GIANT-TN-c01,gcn
1.405976061760229,1.2880839271653928,0.7600039903556596,DOID:974,DisGeNet,GIANT-TN-c01,gcn
0.9337277636767484,0.12594164310508837,0.534362611009265,DOID:3146,DisGeNet,GIANT-TN-c01,gcn
1.369942456900124,0.913884988223681,1.413251668462946,DOID:9252,DisGeNet,GIANT-TN-c01,gcn
1.0795979086166037,0.30565680639100584,1.2727424713742126,DOID:1657,DisGeNet,GIANT-TN-c01,gcn
1.1760654683106613,0.6963373090329584,1.169687119736897,DOID:10141,DisGeNet,GIANT-TN-c01,gcn
1.4292844601809496,0.12164284018022198,2.139563107397318,DOID:1425,DisGeNet,GIANT-TN-c01,gcn
1.2720672581650794,1.1026478343226416,1.0918590649309676,DOID:2978,DisGeNet,GIANT-TN-c01,gcn
1.1465143449791848,0.4338970055505171,1.4857491573618382,DOID:7327,DisGeNet,GIANT-TN-c01,gcn
1.4896243603540116,0.71283564505129,0.9587515252510717,DOID:6498,DisGeNet,GIANT-TN-c01,gcn
1.6118565520664323,0.23988174584485505,-0.0032348191869582274,DOID:9884,DisGeNet,GIANT-TN-c01,gcn
1.0175796263617627,-0.34120161230810625,0.3778672175654921,DOID:1923,DisGeNet,GIANT-TN-c01,gcn
2.260480517425738,1.7112653120904293,2.532196338842068,DOID:9993,DisGeNet,GIANT-TN-c01,gcn
1.791876140369621,1.0729713425388354,0.7152114057278306,DOID:12336,DisGeNet,GIANT-TN-c01,gcn
2.660254333849598,1.083986370391184,1.3654014839993478,DOID:4866,DisGeNet,GIANT-TN-c01,gcn
3.9825098308847084,2.7255442584150478,1.6420498335889495,DOID:0050565,DisGeNet,GIANT-TN-c01,gcn
1.1904067427451888,0.928689809444023,0.21006205672825434,DOID:9406,DisGeNet,GIANT-TN-c01,gcn
2.2777583792696263,1.0970527892352626,1.2187473349423013,DOID:0050534,DisGeNet,GIANT-TN-c01,gcn
0.683143796374479,0.6356367423029792,-0.052313913365746735,DOID:2018,DisGeNet,GIANT-TN-c01,gcn
1.9722929843541972,0.32796459725729066,0.6090359536954667,DOID:607,DisGeNet,GIANT-TN-c01,gcn
1.5388958361046112,1.5199579425178302,1.109455914612193,DOID:12798,DisGeNet,GIANT-TN-c01,gcn
1.7652578588886292,1.0542408569658743,0.10113524737946418,DOID:0050889,DisGeNet,GIANT-TN-c01,gcn
2.3173570896581435,1.5195496832271382,0.6737196668546932,DOID:898,DisGeNet,GIANT-TN-c01,gcn
1.4607743898228367,0.6835549050966057,1.8890423015669169,DOID:10126,DisGeNet,GIANT-TN-c01,gcn
1.5786376860194844,0.75242097984814,0.17152969336369478,DOID:4964,DisGeNet,GIANT-TN-c01,sage
1.686523439372024,0.08736728790775126,0.32384607186579334,DOID:3463,DisGeNet,GIANT-TN-c01,sage
2.4997712750416525,0.33043015842208046,0.6203211521343224,DOID:1279,DisGeNet,GIANT-TN-c01,sage
1.6324940025111045,0.17769277966629074,0.25391222529426766,DOID:2994,DisGeNet,GIANT-TN-c01,sage
1.9404567640190264,0.5289260642608345,0.23614054840556234,DOID:303,DisGeNet,GIANT-TN-c01,sage
1.7864621113971357,0.5163006818726753,0.42987719746560155,DOID:3312,DisGeNet,GIANT-TN-c01,sage
1.8803496550695409,0.23650162904240016,0.480748969625473,DOID:345,DisGeNet,GIANT-TN-c01,sage
1.7200983204821374,1.186140035243331,1.0150441785272908,DOID:2531,DisGeNet,GIANT-TN-c01,sage
1.7457061908328404,0.6397961392145786,0.20337873830485556,DOID:403,DisGeNet,GIANT-TN-c01,sage
2.349340949625574,0.4104216277222851,1.131713522464051,DOID:2952,DisGeNet,GIANT-TN-c01,sage
2.2398966676365557,0.8479176560706506,0.9186730599527413,DOID:1443,DisGeNet,GIANT-TN-c01,sage
2.109797811637765,0.8563115526208604,0.9641053666001805,DOID:423,DisGeNet,GIANT-TN-c01,sage
2.0227327854046964,0.7081549359211866,0.2608259716124011,DOID:76,DisGeNet,GIANT-TN-c01,sage
2.072753213539663,0.3434117551730169,0.2451772528895554,DOID:10763,DisGeNet,GIANT-TN-c01,sage
2.856761644492396,0.46619374874218333,0.6962859143731938,DOID:5679,DisGeNet,GIANT-TN-c01,sage
1.8815952521735948,0.23075561071825948,0.1842135675327707,DOID:10155,DisGeNet,GIANT-TN-c01,sage
1.7543027869942536,0.9141687334093874,2.4206176586738275,DOID:3393,DisGeNet,GIANT-TN-c01,sage
2.180017025072348,0.4852296364554804,0.3811326652688795,DOID:417,DisGeNet,GIANT-TN-c01,sage
1.9483902722696782,0.9882288159636402,0.49459740120617574,DOID:2723,DisGeNet,GIANT-TN-c01,sage
2.053714097696017,0.3652692307007132,0.3932076314298599,DOID:848,DisGeNet,GIANT-TN-c01,sage
2.0047807115660574,0.5391402144481634,0.36460059669134315,DOID:12849,DisGeNet,GIANT-TN-c01,sage
2.117224856065263,0.1497482590120382,0.46915451867576957,DOID:3571,DisGeNet,GIANT-TN-c01,sage
2.244268813327063,0.5971068344295994,0.43185565407530424,DOID:374,DisGeNet,GIANT-TN-c01,sage
3.125010386471853,0.6497420424511064,0.13850944897607365,DOID:110,DisGeNet,GIANT-TN-c01,sage
2.1489878286674826,1.2184774033650352,0.5056208020991391,DOID:2355,DisGeNet,GIANT-TN-c01,sage
2.316781515462404,0.03503817260188812,0.8401551927471252,DOID:4159,DisGeNet,GIANT-TN-c01,sage
2.321638515581123,2.7595542815650043,-0.1065480757653689,DOID:9351,DisGeNet,GIANT-TN-c01,sage
2.199376288262964,0.5398190171592181,1.0132695648183592,DOID:1247,DisGeNet,GIANT-TN-c01,sage
3.2240356294864405,1.416910944053689,1.823730226301591,DOID:2786,DisGeNet,GIANT-TN-c01,sage
2.3345791719538354,0.7947574934599082,0.6827093622168743,DOID:0050700,DisGeNet,GIANT-TN-c01,sage
2.7037838703239383,0.8780673888841074,1.5920726563689742,DOID:480,DisGeNet,GIANT-TN-c01,sage
2.4234689718454487,1.3249704086240466,1.5914900170012969,DOID:3620,DisGeNet,GIANT-TN-c01,sage
2.297854474347811,-0.1879751187499448,0.5035843771902426,DOID:6050,DisGeNet,GIANT-TN-c01,sage
3.3480101165889464,0.7193615119813279,1.053304134829908,DOID:9837,DisGeNet,GIANT-TN-c01,sage
2.689454418069553,0.33338606143297916,1.1592279122337852,DOID:1682,DisGeNet,GIANT-TN-c01,sage
2.67751525329086,1.131449605711272,0.7465922384651638,DOID:2256,DisGeNet,GIANT-TN-c01,sage
2.4565518218431555,0.2582177566837577,0.5145214388039033,DOID:10952,DisGeNet,GIANT-TN-c01,sage
2.81876178270284,0.4290764197834619,0.6645391096485564,DOID:11383,DisGeNet,GIANT-TN-c01,sage
2.7153735305290385,0.5819872444192389,0.5345569983996032,DOID:161,DisGeNet,GIANT-TN-c01,sage
3.0227636870713277,1.2995850245149163,0.6942182505846253,DOID:1934,DisGeNet,GIANT-TN-c01,sage
3.1961512756115833,0.045087318694487476,0.6670078396138965,DOID:10124,DisGeNet,GIANT-TN-c01,sage
3.7432255610427982,0.7430289029246421,0.7433606932009637,DOID:1891,DisGeNet,GIANT-TN-c01,sage
3.203397260278943,0.9348752007441941,0.26171528376303077,DOID:0060260,DisGeNet,GIANT-TN-c01,sage
3.229746727948236,0.07412731400790383,0.9903772958783119,DOID:1924,DisGeNet,GIANT-TN-c01,sage
2.602126217316112,2.0100157661718745,1.2257200944582103,DOID:299,DisGeNet,GIANT-TN-c01,sage
3.0185909446341204,0.3878822377600602,-0.11253358782240619,DOID:0050567,DisGeNet,GIANT-TN-c01,sage
2.8916294976330974,0.7520375010354351,1.5502626356169724,DOID:3891,DisGeNet,GIANT-TN-c01,sage
2.695963403184875,0.8199221981698285,0.538746325863595,DOID:263,DisGeNet,GIANT-TN-c01,sage
2.7029969211653366,1.101042931371295,1.3094594320315829,DOID:1205,DisGeNet,GIANT-TN-c01,sage
2.599677867386171,0.5336672164726209,0.8180973054371942,DOID:381,DisGeNet,GIANT-TN-c01,sage
3.0748695537816393,1.0676108319685507,-0.48909289137387846,DOID:120,DisGeNet,GIANT-TN-c01,sage
2.9072433954449117,0.8338511973025488,0.8639970522017455,DOID:289,DisGeNet,GIANT-TN-c01,sage
2.845960115571157,3.003242344412618,1.045774212019559,DOID:50,DisGeNet,GIANT-TN-c01,sage
2.7513949277971115,0.32353352207396574,0.4294879892691545,DOID:1324,DisGeNet,GIANT-TN-c01,sage
2.7519624826466793,0.9806090579158566,-0.14998743591808347,DOID:5082,DisGeNet,GIANT-TN-c01,sage
3.2895871990033823,3.3222385392569085,3.828189736681442,DOID:934,DisGeNet,GIANT-TN-c01,sage
3.037476952741796,0.7388209999184308,1.0227616600281604,DOID:680,DisGeNet,GIANT-TN-c01,sage
2.9165143208540494,0.5058411945658281,0.04502544571128689,DOID:0050888,DisGeNet,GIANT-TN-c01,sage
4.61763873037016,0.43481498780886163,0.5027859669154192,DOID:10584,DisGeNet,GIANT-TN-c01,sage
3.6167365311245296,0.5766773310696871,0.3082789894676139,DOID:1432,DisGeNet,GIANT-TN-c01,sage
3.202457006882664,0.1722845827528784,0.891260825144914,DOID:1100,DisGeNet,GIANT-TN-c01,sage
2.8708984657465013,1.4360429597731588,1.8096800421922854,DOID:421,DisGeNet,GIANT-TN-c01,sage
2.906829282890059,1.4101141150012397,0.5245247569019688,DOID:11836,DisGeNet,GIANT-TN-c01,sage
2.9573876831653685,1.5626872262394214,-0.10458669906607404,DOID:7148,DisGeNet,GIANT-TN-c01,sage
3.2517070482101453,0.962661414436683,0.33641384376925504,DOID:1037,DisGeNet,GIANT-TN-c01,sage
3.8878079902213436,1.2520714596448372,0.7032799503625293,DOID:11612,DisGeNet,GIANT-TN-c01,sage
2.7045305434849864,0.4250903596132385,0.310487057281547,DOID:5418,DisGeNet,GIANT-TN-c01,sage
3.3152063411563253,2.4386943681992244,1.3399096926076526,DOID:930,DisGeNet,GIANT-TN-c01,sage
3.997283931213399,0.11743599639492396,0.11079456433616297,DOID:1686,DisGeNet,GIANT-TN-c01,sage
2.6027008487876793,-0.1461008778756419,0.7510988622669595,DOID:1074,DisGeNet,GIANT-TN-c01,sage
3.220566997121702,0.3790487752313784,-0.09098178093418216,DOID:365,DisGeNet,GIANT-TN-c01,sage
2.970353855362083,1.0638816877694628,1.7401883144436794,DOID:4079,DisGeNet,GIANT-TN-c01,sage
2.9677108952050246,1.4300649650437514,1.2516383938491096,DOID:767,DisGeNet,GIANT-TN-c01,sage
3.268524582473969,0.09053568764901515,0.1372090172994959,DOID:9975,DisGeNet,GIANT-TN-c01,sage
4.0083120279881275,-0.179556686742825,0.06613642583187779,DOID:10629,DisGeNet,GIANT-TN-c01,sage
5.656154457852716,3.7938657251104058,2.4808110121221807,DOID:700,DisGeNet,GIANT-TN-c01,sage
3.137711124904466,0.81538456614584,1.0694700956260623,DOID:9741,DisGeNet,GIANT-TN-c01,sage
5.063764651150411,3.0979892417550503,2.636767179717236,DOID:3650,DisGeNet,GIANT-TN-c01,sage
3.163395742270325,0.0909772379712907,0.2641599875597912,DOID:1790,DisGeNet,GIANT-TN-c01,sage
3.480526042278604,1.3412091380180018,1.9336854612012429,DOID:974,DisGeNet,GIANT-TN-c01,sage
3.4857314416014145,1.0395702635808504,0.30793165401127054,DOID:3146,DisGeNet,GIANT-TN-c01,sage
3.555909890354101,1.1105484384512423,2.0006333357735033,DOID:9252,DisGeNet,GIANT-TN-c01,sage
4.0149611625116695,0.8559907262298898,1.3689270558649844,DOID:1657,DisGeNet,GIANT-TN-c01,sage
4.337303153528196,0.6242613679538942,1.264509513057176,DOID:10141,DisGeNet,GIANT-TN-c01,sage
3.5469929747745983,-0.15407226275858601,0.02434136337353791,DOID:1425,DisGeNet,GIANT-TN-c01,sage
4.016474729341496,0.6993858027267597,2.0752159330402793,DOID:2978,DisGeNet,GIANT-TN-c01,sage
3.67675379389252,0.10287508044368998,0.625976144535215,DOID:7327,DisGeNet,GIANT-TN-c01,sage
3.7912414836621227,1.8159678001282589,0.5110388445481255,DOID:6498,DisGeNet,GIANT-TN-c01,sage
4.272329795339743,0.9343461439309104,-0.14255838542379848,DOID:9884,DisGeNet,GIANT-TN-c01,sage
3.7300329821960223,0.09744128941602101,0.22666241947742002,DOID:1923,DisGeNet,GIANT-TN-c01,sage
4.640566284969645,2.5863887464840003,3.84889728941263,DOID:9993,DisGeNet,GIANT-TN-c01,sage
4.208855661284749,0.12281672688114942,-0.04447274746971256,DOID:12336,DisGeNet,GIANT-TN-c01,sage
4.028935586964305,1.6224105106832205,1.146119648751655,DOID:4866,DisGeNet,GIANT-TN-c01,sage
6.256412988339706,0.00930636464317295,2.4503021557093034,DOID:0050565,DisGeNet,GIANT-TN-c01,sage
4.442788907697349,-0.2902277707663279,0.822515094778046,DOID:9406,DisGeNet,GIANT-TN-c01,sage
5.969979681798,0.591568054210985,1.7695049518659158,DOID:0050534,DisGeNet,GIANT-TN-c01,sage
4.667890709398641,0.9324841503902457,0.058963762074092596,DOID:2018,DisGeNet,GIANT-TN-c01,sage
5.757808300119761,-0.07450280820406675,0.9304663090499897,DOID:607,DisGeNet,GIANT-TN-c01,sage
4.413697298095697,0.6854503101808938,0.882333827090876,DOID:12798,DisGeNet,GIANT-TN-c01,sage
5.0992831310054045,0.8379325675832567,0.17675315163255217,DOID:0050889,DisGeNet,GIANT-TN-c01,sage
5.41569986143297,1.0285037033243032,0.6267009473789331,DOID:898,DisGeNet,GIANT-TN-c01,sage
6.002788438375535,1.1898957146129694,0.5740337362161565,DOID:10126,DisGeNet,GIANT-TN-c01,sage
1.1841731497017032,0.47033911364375897,0.1874003842332735,GO:0006650,GOBP,GIANT-TN-c01,gcn
3.302719739811516,2.0566894582137083,0.44086364236455877,GO:0006402,GOBP,GIANT-TN-c01,gcn
1.1823329133233675,0.34627068489859913,1.5517446201018754,GO:0010498,GOBP,GIANT-TN-c01,gcn
1.0276071954702561,0.6374239353236271,0.3658831108236656,GO:0006979,GOBP,GIANT-TN-c01,gcn
1.1380590620954982,1.2916582871916744,0.9016073511925949,GO:0097190,GOBP,GIANT-TN-c01,gcn
3.2670048834016017,2.7588984624016573,0.6634157940031046,GO:0090150,GOBP,GIANT-TN-c01,gcn
1.8155246960500273,1.116144505154181,0.7334817952545168,GO:0016050,GOBP,GIANT-TN-c01,gcn
2.6942101733799033,2.9344304656148843,1.8726871286097022,GO:0007268,GOBP,GIANT-TN-c01,gcn
1.6641014801283407,0.45948935960957465,0.4585857216140392,GO:0006486,GOBP,GIANT-TN-c01,gcn
1.9027619598041408,1.7807059879995528,0.15992558446071442,GO:0006888,GOBP,GIANT-TN-c01,gcn
2.3623993846256166,1.9298357913201847,0.9261644327279102,GO:0006302,GOBP,GIANT-TN-c01,gcn
1.5587564011396133,-0.05219667194669881,0.6133907406805974,GO:0050821,GOBP,GIANT-TN-c01,gcn
0.882241678552875,1.8651922910975636,0.4822689088374137,GO:0010038,GOBP,GIANT-TN-c01,gcn
2.3404170802523496,1.6469777359765356,1.010855828736277,GO:0022618,GOBP,GIANT-TN-c01,gcn
1.8177251132481016,1.295576990360243,1.805108391873683,GO:0006816,GOBP,GIANT-TN-c01,gcn
2.361735870951738,2.596907751485727,1.6045873466033052,GO:0043588,GOBP,GIANT-TN-c01,gcn
2.0265814713228245,1.5273873141084424,0.522969818829514,GO:0016236,GOBP,GIANT-TN-c01,gcn
1.555696154421366,1.2261744221779924,1.7630673391994724,GO:0006986,GOBP,GIANT-TN-c01,gcn
3.0663621483613044,1.1596059537266301,1.5543984822770547,GO:0006333,GOBP,GIANT-TN-c01,gcn
1.706929257375788,0.7039129719912063,0.804937333117709,GO:0006470,GOBP,GIANT-TN-c01,gcn
1.8309108089606119,1.1929031129766916,-0.16149226444313683,GO:0009411,GOBP,GIANT-TN-c01,gcn
2.6186625034783613,0.8656282480698243,0.7802348527386643,GO:0006473,GOBP,GIANT-TN-c01,gcn
4.732982024945476,3.738385565008368,4.1862718105227605,GO:0045333,GOBP,GIANT-TN-c01,gcn
3.287960589511408,1.708357892129426,2.6155776132324324,GO:0007051,GOBP,GIANT-TN-c01,gcn
3.061798756659839,2.4001244632839978,1.6942563642317365,GO:0006813,GOBP,GIANT-TN-c01,gcn
3.0412913545912583,1.2370941222340304,0.7336184462934159,GO:0006497,GOBP,GIANT-TN-c01,gcn
3.2788637345399603,3.5199254817464127,3.172684872425156,GO:0006261,GOBP,GIANT-TN-c01,gcn
2.3552807426019338,0.1999145103022601,0.13554522613157516,GO:0046496,GOBP,GIANT-TN-c01,gcn
1.894801488351856,0.4845388326228339,2.1478601687581103,GO:0006479,GOBP,GIANT-TN-c01,gcn
2.403177232518714,0.16771799753245972,0.3228947082356549,GO:0042147,GOBP,GIANT-TN-c01,gcn
1.9376574263640385,0.739712784639888,0.20088258508517215,GO:0007030,GOBP,GIANT-TN-c01,gcn
3.083592255517198,2.097891094835396,0.9276896804507615,GO:0000725,GOBP,GIANT-TN-c01,gcn
4.655446183153113,2.3532907033116723,3.3428688437769645,GO:0006414,GOBP,GIANT-TN-c01,gcn
3.082416835912105,0.6107021530392492,0.4271441252307743,GO:0015893,GOBP,GIANT-TN-c01,gcn
2.307533423484261,0.7178190012395869,1.6561206282536474,GO:0010970,GOBP,GIANT-TN-c01,gcn
2.400718976992783,0.285667696229715,0.6960517536432975,GO:0007033,GOBP,GIANT-TN-c01,gcn
4.585467475129781,1.9181212297931287,1.3793435814369315,GO:0008033,GOBP,GIANT-TN-c01,gcn
1.9711808371696666,0.8555948274945839,0.09190553470582954,GO:0030148,GOBP,GIANT-TN-c01,gcn
1.8937360332172168,0.6381399673278981,0.37223053811224943,GO:0006865,GOBP,GIANT-TN-c01,gcn
3.2728261771941387,2.0554313870773466,2.187924889271298,GO:0007032,GOBP,GIANT-TN-c01,gcn
3.5750997448279564,0.31797492588229226,0.35577745228283625,GO:0009062,GOBP,GIANT-TN-c01,gcn
1.9255731345952245,0.8653687791040192,0.2363855325426187,GO:0006650,GOBP,GIANT-TN-c01,sage
3.1895437124184527,1.8105049288534236,0.058893918273845026,GO:0006402,GOBP,GIANT-TN-c01,sage
1.2351097322100317,0.2994759485013984,1.374204883645735,GO:0010498,GOBP,GIANT-TN-c01,sage
1.3309412033923884,0.09370588272748871,0.13923333940660843,GO:0006979,GOBP,GIANT-TN-c01,sage
1.4188829238733551,0.8902774815639398,1.4665813472191132,GO:0097190,GOBP,GIANT-TN-c01,sage
3.2500377078598053,2.8947905819889983,0.6378939751557359,GO:0090150,GOBP,GIANT-TN-c01,sage
1.5751174933684378,1.0036481427356776,0.3160093567492583,GO:0016050,GOBP,GIANT-TN-c01,sage
2.9117743381051957,2.4738756324111084,1.5306533351794152,GO:0007268,GOBP,GIANT-TN-c01,sage
2.0343872919088177,0.26589076764537406,0.1233903236574643,GO:0006486,GOBP,GIANT-TN-c01,sage
1.4667966892977298,0.5807279612548024,0.3523244705203225,GO:0006888,GOBP,GIANT-TN-c01,sage
2.195275186113358,2.0751607368656764,1.4132169763751488,GO:0006302,GOBP,GIANT-TN-c01,sage
1.547240173200859,0.27853081446117856,0.07168096302651923,GO:0050821,GOBP,GIANT-TN-c01,sage
1.417149980248387,1.3321976674972325,1.262368739767909,GO:0010038,GOBP,GIANT-TN-c01,sage
2.2707847139516124,1.3227413627554183,1.2096355059571509,GO:0022618,GOBP,GIANT-TN-c01,sage
2.176126448475461,1.4160652928912423,0.5064755138966341,GO:0006816,GOBP,GIANT-TN-c01,sage
2.5679599049064863,2.1591291875868417,1.183240243941648,GO:0043588,GOBP,GIANT-TN-c01,sage
2.1376654792857246,1.334881300725729,0.77370933798362,GO:0016236,GOBP,GIANT-TN-c01,sage
1.5256542288900425,1.7327988544521669,2.0290291297575527,GO:0006986,GOBP,GIANT-TN-c01,sage
3.272249122195217,0.8573979963040129,2.689339871832241,GO:0006333,GOBP,GIANT-TN-c01,sage
1.304529078528052,0.8979873981369533,1.2126184975469603,GO:0006470,GOBP,GIANT-TN-c01,sage
1.8126981266125115,-0.02717142223058145,0.13753850706487497,GO:0009411,GOBP,GIANT-TN-c01,sage
2.3126092852517326,0.0640271791417756,0.6859051416959945,GO:0006473,GOBP,GIANT-TN-c01,sage
4.193690309705447,3.6131006958230594,2.6223078008928518,GO:0045333,GOBP,GIANT-TN-c01,sage
3.2330749751886287,2.249197656273651,0.6655503056852599,GO:0007051,GOBP,GIANT-TN-c01,sage
3.219508113558277,2.9866527999787538,2.6107398888481193,GO:0006813,GOBP,GIANT-TN-c01,sage
4.160425800388241,0.5015686460796354,0.16204482776754453,GO:0006497,GOBP,GIANT-TN-c01,sage
3.8794517888846847,2.966020561036585,2.369908450256967,GO:0006261,GOBP,GIANT-TN-c01,sage
3.2592200489672134,-0.03761207245015473,-0.31826928227542006,GO:0046496,GOBP,GIANT-TN-c01,sage
2.4491017330188845,0.1023718783839768,1.0024906761811303,GO:0006479,GOBP,GIANT-TN-c01,sage
3.2382358736984824,0.20883226763720325,0.8426015706585972,GO:0042147,GOBP,GIANT-TN-c01,sage
2.761687299664952,0.6862616654200708,0.1606098865861797,GO:0007030,GOBP,GIANT-TN-c01,sage
3.1935147604059515,2.233380806324316,2.314302096757372,GO:0000725,GOBP,GIANT-TN-c01,sage
3.0448878308569904,1.675513122606584,2.7599510323717373,GO:0006414,GOBP,GIANT-TN-c01,sage
3.1036895712059573,0.5134882412394309,1.2819361413002601,GO:0015893,GOBP,GIANT-TN-c01,sage
1.8800584898138752,1.029143057786738,1.652064799396732,GO:0010970,GOBP,GIANT-TN-c01,sage
2.554725948814345,1.6069523962989405,1.3413355669375766,GO:0007033,GOBP,GIANT-TN-c01,sage
4.388064716275075,1.0147312967417856,2.2440587120433158,GO:0008033,GOBP,GIANT-TN-c01,sage
2.120531743907239,0.7712570945739116,0.3183468284962284,GO:0030148,GOBP,GIANT-TN-c01,sage
2.930472556863117,0.6445914046084622,0.15705702020778217,GO:0006865,GOBP,GIANT-TN-c01,sage
3.1848772842736315,1.70774049409679,0.44158118345645103,GO:0007032,GOBP,GIANT-TN-c01,sage
3.433581818044317,0.9046987159082984,1.169727869529617,GO:0009062,GOBP,GIANT-TN-c01,sage
0.4539756355119961,0.41690388051885585,0.6916200083992055,DOID:4964,DisGeNet,GIANT-TN,gcn
0.32358346115240494,0.40019429561255543,0.06275677667224581,DOID:3463,DisGeNet,GIANT-TN,gcn
0.3796426779124278,0.2521609437320989,0.4910657208117866,DOID:1279,DisGeNet,GIANT-TN,gcn
0.20176564805011865,0.02153928679462046,-0.17689036194492527,DOID:2994,DisGeNet,GIANT-TN,gcn
0.6176988001267677,0.4537281724331558,0.31066528703271906,DOID:303,DisGeNet,GIANT-TN,gcn
0.45491973880957653,0.8571062301274778,0.7547131989483978,DOID:3312,DisGeNet,GIANT-TN,gcn
0.2888080405902813,-0.2395768391047699,-0.11403533409477147,DOID:345,DisGeNet,GIANT-TN,gcn
0.3127148434880101,-0.17290508876622682,0.44213005585501935,DOID:2531,DisGeNet,GIANT-TN,gcn
0.281997361939704,0.448471862968764,-0.27746568678175265,DOID:403,DisGeNet,GIANT-TN,gcn
0.20682452828949974,0.16457170114181593,-0.23278054710876714,DOID:2952,DisGeNet,GIANT-TN,gcn
0.38720781145052524,0.19468862738394851,-0.034831984483201704,DOID:1443,DisGeNet,GIANT-TN,gcn
0.3174271405922335,0.25789016281323035,0.4394804128674539,DOID:423,DisGeNet,GIANT-TN,gcn
0.38917799013779636,0.14936931586135282,-0.340672011322555,DOID:76,DisGeNet,GIANT-TN,gcn
0.4894607348006091,0.5757973870077222,0.014094621635323597,DOID:10763,DisGeNet,GIANT-TN,gcn
0.5422939270862223,0.07977822016163497,0.38469548954103944,DOID:5679,DisGeNet,GIANT-TN,gcn
0.29226137061664403,0.13878963045086606,-0.19435339854917222,DOID:10155,DisGeNet,GIANT-TN,gcn
0.2508713863081551,1.450729212240355,1.8374097456948215,DOID:3393,DisGeNet,GIANT-TN,gcn
0.4673236130579411,0.1351011930429169,0.8809046716250556,DOID:417,DisGeNet,GIANT-TN,gcn
0.06837018257477302,0.26805841559328597,0.20509172280242602,DOID:2723,DisGeNet,GIANT-TN,gcn
0.3129873139403366,0.4164905080488908,-0.21504895835810747,DOID:848,DisGeNet,GIANT-TN,gcn
0.320601759620197,0.5079957175606273,0.13796638554517743,DOID:12849,DisGeNet,GIANT-TN,gcn
0.28528958265241283,0.024955251363170547,0.01798415857724671,DOID:3571,DisGeNet,GIANT-TN,gcn
0.3220192683930456,0.26023703663817344,0.4461462929068869,DOID:374,DisGeNet,GIANT-TN,gcn
0.1565815614433417,0.09151373364345113,-0.5057563984301914,DOID:110,DisGeNet,GIANT-TN,gcn
0.2555374242150477,0.8592850767098441,1.3676174605766072,DOID:2355,DisGeNet,GIANT-TN,gcn
0.20241699072876898,-0.07449626483031022,-0.1754999500590264,DOID:4159,DisGeNet,GIANT-TN,gcn
0.3914200460630884,1.5902252594262951,0.3402906064717493,DOID:9351,DisGeNet,GIANT-TN,gcn
0.010943640548374106,0.10323578937059073,0.11241960251527772,DOID:1247,DisGeNet,GIANT-TN,gcn
0.6528141848572486,0.9438614590337459,1.5409230312141076,DOID:2786,DisGeNet,GIANT-TN,gcn
0.1682701905136985,-0.0838725703233281,-0.2922128793012755,DOID:0050700,DisGeNet,GIANT-TN,gcn
0.35616846024939175,0.3935474879941654,0.3973646956337662,DOID:480,DisGeNet,GIANT-TN,gcn
0.5325737405765427,0.5732915793732123,0.4130003841511374,DOID:3620,DisGeNet,GIANT-TN,gcn
0.3960698173468404,0.34545792686093046,-0.15641026008379388,DOID:6050,DisGeNet,GIANT-TN,gcn
0.48093284726268704,0.42383797050599326,0.17441457717640863,DOID:9837,DisGeNet,GIANT-TN,gcn
0.1917106423331248,0.051004747075009876,0.9493188808579629,DOID:1682,DisGeNet,GIANT-TN,gcn
0.32866345814294984,-0.0031458740533358517,0.17845557568165157,DOID:2256,DisGeNet,GIANT-TN,gcn
0.4970666441712239,0.12632707357576445,-0.10073590185399692,DOID:10952,DisGeNet,GIANT-TN,gcn
0.16004997032471124,-0.3032977800216569,-0.40417068267323203,DOID:11383,DisGeNet,GIANT-TN,gcn
-0.04975559198187689,-0.03339397293222014,0.07003592209688389,DOID:161,DisGeNet,GIANT-TN,gcn
0.31300271907177574,0.016109222575907075,-0.1114160531920247,DOID:1934,DisGeNet,GIANT-TN,gcn
0.24228246195037922,-0.18002115451424272,0.4987029334593982,DOID:10124,DisGeNet,GIANT-TN,gcn
1.0171828818555366,0.11847318895238584,0.6425881684429327,DOID:1891,DisGeNet,GIANT-TN,gcn
0.5293084420117691,0.12792735275139192,-0.23693490059574054,DOID:0060260,DisGeNet,GIANT-TN,gcn
0.13616834861649665,0.08228265856162136,-0.06530131575936571,DOID:1924,DisGeNet,GIANT-TN,gcn
0.8206293974357604,0.6440583257784233,0.1467933662906031,DOID:299,DisGeNet,GIANT-TN,gcn
0.38661354901109146,-0.1900883778390039,-0.04878989166887631,DOID:0050567,DisGeNet,GIANT-TN,gcn
0.5309837597931342,0.6327180031396614,0.62883109441995,DOID:3891,DisGeNet,GIANT-TN,gcn
0.44272020592620853,0.435206357183722,0.3394948720989859,DOID:263,DisGeNet,GIANT-TN,gcn
0.4538389819090113,0.6581913014956084,0.4597504021213193,DOID:1205,DisGeNet,GIANT-TN,gcn
0.35893710979688476,0.170036441883313,-0.3292945936165175,DOID:381,DisGeNet,GIANT-TN,gcn
0.4536207412268898,0.0696786022475126,0.37294217232982946,DOID:120,DisGeNet,GIANT-TN,gcn
0.47910119744488283,-0.12509614079785766,0.0817722238735334,DOID:289,DisGeNet,GIANT-TN,gcn
0.419022072809816,0.038951049277686785,0.13719714680948544,DOID:50,DisGeNet,GIANT-TN,gcn
0.5632725977475934,0.880072519199723,-0.07748229917196489,DOID:1324,DisGeNet,GIANT-TN,gcn
0.42808736816091697,0.7117775437274568,0.05119663777267278,DOID:5082,DisGeNet,GIANT-TN,gcn
0.9422386742196303,0.4572176866572941,0.44028804639915264,DOID:934,DisGeNet,GIANT-TN,gcn
0.34497813086167356,0.2589423382478376,-0.09428193643492255,DOID:680,DisGeNet,GIANT-TN,gcn
0.24395232893584304,-0.020548861278634006,-0.09054226691872033,DOID:0050888,DisGeNet,GIANT-TN,gcn
0.9028874178827454,0.19486153150503707,0.4226808666610502,DOID:10584,DisGeNet,GIANT-TN,gcn
0.3372263904305859,0.11487688656909699,1.0342022224047303,DOID:1432,DisGeNet,GIANT-TN,gcn
0.5044756644304256,-0.20560024388951814,0.1264554234008263,DOID:1100,DisGeNet,GIANT-TN,gcn
0.4400048491578255,0.34292961661618565,0.7969089624251032,DOID:421,DisGeNet,GIANT-TN,gcn
0.3257703727320595,-0.1482403442061846,-0.1035379992745802,DOID:11836,DisGeNet,GIANT-TN,gcn
0.5400223800459001,3.1665310458980915,0.2642789749956098,DOID:7148,DisGeNet,GIANT-TN,gcn
0.27176965963194655,-0.47382765385547804,1.0153162558037705,DOID:1037,DisGeNet,GIANT-TN,gcn
1.1519819936797515,1.825079620924236,0.5381239728664173,DOID:11612,DisGeNet,GIANT-TN,gcn
0.46229105338976606,1.0856578167653133,0.4421686105810126,DOID:5418,DisGeNet,GIANT-TN,gcn
0.46874953210088016,0.033257520005531505,-0.03655170729987298,DOID:930,DisGeNet,GIANT-TN,gcn
0.2681245752632335,0.22130480921792314,0.015288337526394703,DOID:1686,DisGeNet,GIANT-TN,gcn
0.5979376726996505,0.21940924028069955,0.6063532443402685,DOID:1074,DisGeNet,GIANT-TN,gcn
0.5352457990486658,0.5992009213810873,1.093654569125615,DOID:365,DisGeNet,GIANT-TN,gcn
0.6570692517804979,-0.04084549959736648,0.2827104472829986,DOID:4079,DisGeNet,GIANT-TN,gcn
0.4071218202414523,0.3603564086445071,1.1431638009377618,DOID:767,DisGeNet,GIANT-TN,gcn
0.9045242748555611,0.1825120043718412,0.7469597877598765,DOID:9975,DisGeNet,GIANT-TN,gcn
0.2386660824977284,0.5784855194322203,0.8012461664436604,DOID:10629,DisGeNet,GIANT-TN,gcn
1.8508028567172041,2.267084396464058,1.2738442417778784,DOID:700,DisGeNet,GIANT-TN,gcn
0.3104596513343982,0.02639142639994087,0.39462682797242704,DOID:9741,DisGeNet,GIANT-TN,gcn
1.1005023847123008,1.645883151611923,2.2460159858693993,DOID:3650,DisGeNet,GIANT-TN,gcn
0.541593569023345,0.5478052630018094,1.479200277424367,DOID:1790,DisGeNet,GIANT-TN,gcn
1.0055841003692494,0.9141722062212511,0.09408990434179622,DOID:974,DisGeNet,GIANT-TN,gcn
0.5116829404993866,0.44482137537864713,1.449531213020402,DOID:3146,DisGeNet,GIANT-TN,gcn
0.4099724803950147,0.9978547147592819,0.08877654209566276,DOID:9252,DisGeNet,GIANT-TN,gcn
0.21824309129785094,0.006073629018333827,1.0599242219594158,DOID:1657,DisGeNet,GIANT-TN,gcn
0.43248135811435645,0.6343883818971077,1.2651659881512562,DOID:10141,DisGeNet,GIANT-TN,gcn
0.37044354665860213,0.38324254511155403,0.6809855440735186,DOID:1425,DisGeNet,GIANT-TN,gcn
0.2534122382533569,0.566344955528518,0.9550754867241332,DOID:2978,DisGeNet,GIANT-TN,gcn
0.42662564764966493,-0.36848133878405515,-0.26106071294207334,DOID:7327,DisGeNet,GIANT-TN,gcn
0.32199045912768487,-0.2895146222892182,0.022158552617310298,DOID:6498,DisGeNet,GIANT-TN,gcn
0.5316249710558496,1.6825161478622732,0.13892427466422588,DOID:9884,DisGeNet,GIANT-TN,gcn
0.5572754083842466,-0.41592076563407937,0.42293332966268116,DOID:1923,DisGeNet,GIANT-TN,gcn
0.5459961826220187,0.9610047364811276,2.386193038086623,DOID:9993,DisGeNet,GIANT-TN,gcn
0.8854423978988071,0.24788361036993428,0.5458137171314645,DOID:12336,DisGeNet,GIANT-TN,gcn
0.6914684957652784,0.3265198347616519,-0.4069467738319694,DOID:4866,DisGeNet,GIANT-TN,gcn
2.003093471140672,1.9909653347104803,1.4230317944391686,DOID:0050565,DisGeNet,GIANT-TN,gcn
0.4507308474445189,0.17755503321883118,0.20163208503145108,DOID:9406,DisGeNet,GIANT-TN,gcn
0.8457593211161023,0.33367944556335843,1.0752729723462786,DOID:0050534,DisGeNet,GIANT-TN,gcn
0.372293513766118,-0.289909441050403,-0.12319594013474104,DOID:2018,DisGeNet,GIANT-TN,gcn
0.4864167730518527,0.11398281472408113,0.2367281142205359,DOID:607,DisGeNet,GIANT-TN,gcn
0.395382884563297,-0.047031593410183585,-0.0038931195110614904,DOID:12798,DisGeNet,GIANT-TN,gcn
0.46977723926976694,0.9195941679494428,0.2458791754898798,DOID:0050889,DisGeNet,GIANT-TN,gcn
0.269229435272267,-0.0486239924560229,0.6337273725761202,DOID:898,DisGeNet,GIANT-TN,gcn
0.7393800148272924,0.038185703169995686,1.0649434698428384,DOID:10126,DisGeNet,GIANT-TN,gcn
0.9049527200389317,0.4142333058057714,0.6296084836171654,DOID:4964,DisGeNet,GIANT-TN,sage
1.0636849080714201,0.1429799161724194,0.5068174145287346,DOID:3463,DisGeNet,GIANT-TN,sage
1.2442879193727638,0.4064954051747845,0.6585614579188335,DOID:1279,DisGeNet,GIANT-TN,sage
1.0803138522517413,0.3684327179240884,0.06076516631479875,DOID:2994,DisGeNet,GIANT-TN,sage
1.1468942382813125,0.6721245903452981,0.5363838941782408,DOID:303,DisGeNet,GIANT-TN,sage
1.0496472111220765,1.0603418252667283,0.7046038506142407,DOID:3312,DisGeNet,GIANT-TN,sage
1.1152442389885646,0.26787736221705477,0.5566877823551775,DOID:345,DisGeNet,GIANT-TN,sage
1.1635514874961999,0.7262751615269525,0.37914189682202293,DOID:2531,DisGeNet,GIANT-TN,sage
1.0329826502263648,0.4904614793565176,0.40529603653351937,DOID:403,DisGeNet,GIANT-TN,sage
1.2367500120693697,0.4793147304302274,0.960438798795897,DOID:2952,DisGeNet,GIANT-TN,sage
1.2255533890114423,0.6118710137738136,1.7549588461174281,DOID:1443,DisGeNet,GIANT-TN,sage
1.1435624872626629,0.5128834533240885,1.0533491063979508,DOID:423,DisGeNet,GIANT-TN,sage
1.3432270606666235,0.5559785969749482,0.399299301989827,DOID:76,DisGeNet,GIANT-TN,sage
1.0027749750570971,0.3326412185608705,0.11125551527349903,DOID:10763,DisGeNet,GIANT-TN,sage
1.1707127943885764,0.3436452796332324,0.4869459448237372,DOID:5679,DisGeNet,GIANT-TN,sage
1.226836417753501,0.1250107620744645,0.3818216937091243,DOID:10155,DisGeNet,GIANT-TN,sage
0.9576802879568092,1.568798862209854,0.7347437271167655,DOID:3393,DisGeNet,GIANT-TN,sage
1.3275284436951973,0.3831010502940646,-0.037837264006388156,DOID:417,DisGeNet,GIANT-TN,sage
1.159187316626165,0.013842194063990064,0.5109891103185358,DOID:2723,DisGeNet,GIANT-TN,sage
1.0432549707384127,1.6091225389434363,0.5347737327344082,DOID:848,DisGeNet,GIANT-TN,sage
1.0759031217547526,0.8763083406261359,0.693654500332731,DOID:12849,DisGeNet,GIANT-TN,sage
1.2458017534419996,0.6282895777898685,0.9542351635069292,DOID:3571,DisGeNet,GIANT-TN,sage
0.9819587799842435,0.138045963425871,0.1253170812053845,DOID:374,DisGeNet,GIANT-TN,sage
1.4727433663258933,0.6205510036789638,0.10815485681994087,DOID:110,DisGeNet,GIANT-TN,sage
1.0567143709835656,1.310363767464809,0.8706922748316018,DOID:2355,DisGeNet,GIANT-TN,sage
1.1793442970896966,1.4072201673478015,-0.052482865122995916,DOID:4159,DisGeNet,GIANT-TN,sage
0.9891014439003318,1.0998728597662473,0.11923825217847048,DOID:9351,DisGeNet,GIANT-TN,sage
1.087410236624685,0.19243044593468492,1.048258767863489,DOID:1247,DisGeNet,GIANT-TN,sage
2.063233396384906,0.9103132616996417,2.040577441192097,DOID:2786,DisGeNet,GIANT-TN,sage
1.6127239261924982,0.5988701504542384,2.3207221352600356,DOID:0050700,DisGeNet,GIANT-TN,sage
1.543540437311606,0.4893275057847184,1.7240237171181678,DOID:480,DisGeNet,GIANT-TN,sage
1.7276457983383864,1.1368301642004957,1.957297784536664,DOID:3620,DisGeNet,GIANT-TN,sage
1.499564220631311,-0.024021104041965776,0.6100400174400797,DOID:6050,DisGeNet,GIANT-TN,sage
1.9376806212421773,0.7237855514515632,1.834109169859749,DOID:9837,DisGeNet,GIANT-TN,sage
1.3081571303792092,0.7356390882353795,0.6740606628575279,DOID:1682,DisGeNet,GIANT-TN,sage
1.2741318553642986,0.25902011153689497,0.48095779650882786,DOID:2256,DisGeNet,GIANT-TN,sage
1.7122859159622328,1.1118338000886723,0.9155335713341141,DOID:10952,DisGeNet,GIANT-TN,sage
1.7834277953572442,0.4570160575733857,0.3629801588476913,DOID:11383,DisGeNet,GIANT-TN,sage
1.4021947768181198,0.34810111345843964,0.3141541285586621,DOID:161,DisGeNet,GIANT-TN,sage
1.759302685834443,0.019095414288553277,0.902402581817788,DOID:1934,DisGeNet,GIANT-TN,sage
1.2423905373553012,0.3469152120929754,1.5778820756950984,DOID:10124,DisGeNet,GIANT-TN,sage
2.0311624596044786,0.4247231199191562,1.155790337058516,DOID:1891,DisGeNet,GIANT-TN,sage
2.120011887752877,0.5017910584009854,0.9931795725183065,DOID:0060260,DisGeNet,GIANT-TN,sage
1.592825771413077,0.3034841383021857,0.20139256154873167,DOID:1924,DisGeNet,GIANT-TN,sage
1.8981468910601023,-0.21897067717262364,1.0913947889615694,DOID:299,DisGeNet,GIANT-TN,sage
1.5551014010375188,0.4930636876917474,0.3909085491981121,DOID:0050567,DisGeNet,GIANT-TN,sage
1.662220837855519,1.4023732319967215,1.375523332920822,DOID:3891,DisGeNet,GIANT-TN,sage
1.7782247692427686,0.5664546573469926,0.18087891107123985,DOID:263,DisGeNet,GIANT-TN,sage
1.6032576639556237,1.470667510402944,2.3274747481794402,DOID:1205,DisGeNet,GIANT-TN,sage
1.3110532768815513,1.8545514403080563,0.9682676290421068,DOID:381,DisGeNet,GIANT-TN,sage
2.277730279193513,0.6967787001237681,-0.11908971345912082,DOID:120,DisGeNet,GIANT-TN,sage
1.6812794817766576,0.027652015275808985,1.1297862686755895,DOID:289,DisGeNet,GIANT-TN,sage
1.6827856248661441,0.2871615950167888,0.3307544669599722,DOID:50,DisGeNet,GIANT-TN,sage
1.6482352764157,0.2218967335071063,0.6036587223403916,DOID:1324,DisGeNet,GIANT-TN,sage
1.4808059690354898,0.5938595405470979,0.055983889520247423,DOID:5082,DisGeNet,GIANT-TN,sage
2.3942790534992353,2.546432890501476,3.7494122958515583,DOID:934,DisGeNet,GIANT-TN,sage
1.7069465709844416,0.9841490077300965,1.3285573229768648,DOID:680,DisGeNet,GIANT-TN,sage
1.9395519383333253,0.9597767818529177,0.6509761344168605,DOID:0050888,DisGeNet,GIANT-TN,sage
2.3254561976638435,1.2266311503388594,0.7173931271822656,DOID:10584,DisGeNet,GIANT-TN,sage
1.6376082160851386,0.2554958819475172,0.8223911380633131,DOID:1432,DisGeNet,GIANT-TN,sage
2.417335919170178,0.39481987766112914,0.26248514829305125,DOID:1100,DisGeNet,GIANT-TN,sage
2.0126842905750717,0.6532788305572417,0.39466684649908723,DOID:421,DisGeNet,GIANT-TN,sage
1.647427714834725,0.1091304289152563,0.6711677476615799,DOID:11836,DisGeNet,GIANT-TN,sage
1.5795881642237233,1.8167854647248518,0.21409447078594637,DOID:7148,DisGeNet,GIANT-TN,sage
1.7529974064857017,-0.13095291828769653,-0.056246546895696026,DOID:1037,DisGeNet,GIANT-TN,sage
2.7826015283376795,2.0664488515235213,0.22264801730232758,DOID:11612,DisGeNet,GIANT-TN,sage
1.4815386573354306,1.9908250379483923,0.5998324270496604,DOID:5418,DisGeNet,GIANT-TN,sage
1.5213027616139194,0.4245720515021436,2.7657110621868206,DOID:930,DisGeNet,GIANT-TN,sage
2.12638717363851,0.1986967690397203,0.3831381316530115,DOID:1686,DisGeNet,GIANT-TN,sage
1.3889585724414928,-0.003463570223397562,0.977607887852677,DOID:1074,DisGeNet,GIANT-TN,sage
1.9030229368304457,0.33248302201841706,0.8119472096660101,DOID:365,DisGeNet,GIANT-TN,sage
1.8601497436041374,0.835259772506451,2.2146014561212004,DOID:4079,DisGeNet,GIANT-TN,sage
1.8609365468036114,1.1235003199403386,3.293987059161104,DOID:767,DisGeNet,GIANT-TN,sage
1.9704616672557178,1.353730294657801,1.1546067651755236,DOID:9975,DisGeNet,GIANT-TN,sage
2.2350642431228738,0.9691539131956202,0.09186095453593991,DOID:10629,DisGeNet,GIANT-TN,sage
4.81318248353381,2.827036354056401,2.161949194392085,DOID:700,DisGeNet,GIANT-TN,sage
1.0404873811022175,-0.09905353861992182,0.48910712989801347,DOID:9741,DisGeNet,GIANT-TN,sage
4.272548685803998,2.16407819977189,2.9473085742347034,DOID:3650,DisGeNet,GIANT-TN,sage
1.9938105970677482,0.17155787099252892,0.7238770823387501,DOID:1790,DisGeNet,GIANT-TN,sage
2.2386879139746676,1.0208141748838533,-0.01997281912660693,DOID:974,DisGeNet,GIANT-TN,sage
1.687534112075214,2.1653409273003015,1.0718589620897059,DOID:3146,DisGeNet,GIANT-TN,sage
2.4915476978853777,1.0836082767104813,2.4078044730901187,DOID:9252,DisGeNet,GIANT-TN,sage
2.2341238409263418,0.7355094949108332,1.4920011177227444,DOID:1657,DisGeNet,GIANT-TN,sage
1.730217280035764,0.6627027843180153,1.1031932741616235,DOID:10141,DisGeNet,GIANT-TN,sage
2.077714388681208,0.6963512495706926,0.031455930007494456,DOID:1425,DisGeNet,GIANT-TN,sage
2.7075499517904738,0.7014906898231366,0.5802513682128791,DOID:2978,DisGeNet,GIANT-TN,sage
2.0419671507149726,-0.1847108775228391,0.9119025194159271,DOID:7327,DisGeNet,GIANT-TN,sage
1.9652349328421646,0.3211904791286247,0.7512565244228308,DOID:6498,DisGeNet,GIANT-TN,sage
2.4475774157508687,1.864848498714733,0.04057898058264351,DOID:9884,DisGeNet,GIANT-TN,sage
1.8451222970269492,-0.1392680780413724,0.9273957062470558,DOID:1923,DisGeNet,GIANT-TN,sage
3.7649850801612823,2.171357568532856,4.086511139687796,DOID:9993,DisGeNet,GIANT-TN,sage
2.7194654968335983,0.15434601315836935,0.42553960831018417,DOID:12336,DisGeNet,GIANT-TN,sage
3.4181293183654313,0.9494693921829124,0.7830353941768603,DOID:4866,DisGeNet,GIANT-TN,sage
3.759325674953886,2.976807475715231,1.3564633652767677,DOID:0050565,DisGeNet,GIANT-TN,sage
1.8158801818975387,0.11285184118631059,0.8861471591894221,DOID:9406,DisGeNet,GIANT-TN,sage
2.044647408335074,0.752638020720956,1.9344805461410117,DOID:0050534,DisGeNet,GIANT-TN,sage
1.981077040921214,-0.10851229439498268,0.17166104125382212,DOID:2018,DisGeNet,GIANT-TN,sage
3.9638453695351754,0.7581588936069711,0.438576114974733,DOID:607,DisGeNet,GIANT-TN,sage
2.5978767156680638,0.8470255082009154,1.1695980507610764,DOID:12798,DisGeNet,GIANT-TN,sage
3.48897175554738,1.1998218145758675,0.4298097364125756,DOID:0050889,DisGeNet,GIANT-TN,sage
2.9967103921245255,1.379227552549328,1.0900573385467434,DOID:898,DisGeNet,GIANT-TN,sage
3.0553820615364393,0.6657663566457102,0.5707333398560839,DOID:10126,DisGeNet,GIANT-TN,sage
0.5816361514647059,0.5377565268663379,-0.10081767664697752,GO:0006650,GOBP,GIANT-TN,gcn
2.9991976286559128,1.1373271414896338,0.010919187972345607,GO:0006402,GOBP,GIANT-TN,gcn
0.6799912301745873,0.09099328679961062,0.35271326671873354,GO:0010498,GOBP,GIANT-TN,gcn
0.24595548651178578,0.4400135134642838,0.09712815758963762,GO:0006979,GOBP,GIANT-TN,gcn
0.4117694213401466,0.22534336938962687,-0.23516405890737968,GO:0097190,GOBP,GIANT-TN,gcn
3.075475193875592,2.7843164147852764,0.3703703373962964,GO:0090150,GOBP,GIANT-TN,gcn
-0.005816847023244483,-0.12754796371134175,0.5624109318295257,GO:0016050,GOBP,GIANT-TN,gcn
1.6104539947153065,1.9372473043858391,1.512287803069774,GO:0007268,GOBP,GIANT-TN,gcn
0.94611554720163,0.21667629244758838,0.2668638543998931,GO:0006486,GOBP,GIANT-TN,gcn
-0.013856238689113714,-0.07448635457461096,-0.12914901711598992,GO:0006888,GOBP,GIANT-TN,gcn
1.2143757102378618,0.8761932189617281,0.3009985922192616,GO:0006302,GOBP,GIANT-TN,gcn
0.6234517470687095,0.013182488178991066,-0.1201763544869696,GO:0050821,GOBP,GIANT-TN,gcn
0.682451949181064,1.2124584364420048,1.1211872962985732,GO:0010038,GOBP,GIANT-TN,gcn
1.3558305126387635,1.2389741255697724,1.4244667479586197,GO:0022618,GOBP,GIANT-TN,gcn
1.110049171790138,0.9656939602658449,0.20012316438265448,GO:0006816,GOBP,GIANT-TN,gcn
1.0914482046728757,2.966423258919261,1.0126551936298938,GO:0043588,GOBP,GIANT-TN,gcn
0.40418193309571404,1.393538316520164,0.5185139227569247,GO:0016236,GOBP,GIANT-TN,gcn
0.38641144931800353,0.7014463157866563,0.3619703147889462,GO:0006986,GOBP,GIANT-TN,gcn
0.6174384823284756,1.9179085812426464,2.2386439811643695,GO:0006333,GOBP,GIANT-TN,gcn
0.2889120132750363,0.6562529554451315,0.23272367155255266,GO:0006470,GOBP,GIANT-TN,gcn
0.5412762601598924,-0.14548036781677182,0.430919581703698,GO:0009411,GOBP,GIANT-TN,gcn
0.3689702083584461,0.4922782193679589,0.7940751410108609,GO:0006473,GOBP,GIANT-TN,gcn
1.0395729802756495,2.0283419952663095,2.944410607114822,GO:0045333,GOBP,GIANT-TN,gcn
1.9471439450921055,1.2565425173746754,1.0627815323826666,GO:0007051,GOBP,GIANT-TN,gcn
1.5437389061187698,2.01100649334669,0.9937576780300897,GO:0006813,GOBP,GIANT-TN,gcn
0.7501934387147231,1.0863042343171638,0.44063498119088973,GO:0006497,GOBP,GIANT-TN,gcn
2.681248483453696,2.6724827174283656,2.822466499946541,GO:0006261,GOBP,GIANT-TN,gcn
0.43746642458557056,0.15775565277560888,0.06605549433042955,GO:0046496,GOBP,GIANT-TN,gcn
1.0272486045290155,-0.0689749204118306,0.6890214790836839,GO:0006479,GOBP,GIANT-TN,gcn
0.3911941082601448,0.8383423559306964,0.3876767070099316,GO:0042147,GOBP,GIANT-TN,gcn
0.6962197218431343,-0.234611963637215,-0.10527476337622577,GO:0007030,GOBP,GIANT-TN,gcn
1.9185683688340283,1.167798602078446,0.31946810298753864,GO:0000725,GOBP,GIANT-TN,gcn
2.3430101140319657,1.4331317774940666,1.925600387660494,GO:0006414,GOBP,GIANT-TN,gcn
1.0411384201470142,0.5059734051040643,0.36958141566252567,GO:0015893,GOBP,GIANT-TN,gcn
0.28779512664696455,1.1142410464326868,0.6779808880362035,GO:0010970,GOBP,GIANT-TN,gcn
1.1187650001672642,1.1770422176569104,1.013688973346447,GO:0007033,GOBP,GIANT-TN,gcn
1.544494805988607,1.3965348442069656,1.8116788624801972,GO:0008033,GOBP,GIANT-TN,gcn
1.6431561273914572,0.6663053065500941,0.486525570799277,GO:0030148,GOBP,GIANT-TN,gcn
0.6019654086546433,1.5033954942202974,-0.20192624281710767,GO:0006865,GOBP,GIANT-TN,gcn
0.8132241859166123,1.081359375230336,0.26703851202357104,GO:0007032,GOBP,GIANT-TN,gcn
0.8286427377740779,-0.4493716972281899,-0.26999674885735164,GO:0009062,GOBP,GIANT-TN,gcn
1.1818389068418653,0.1911573610759197,-0.02760892795230235,GO:0006650,GOBP,GIANT-TN,sage
3.150079010069853,1.718237472082449,0.29750113418369756,GO:0006402,GOBP,GIANT-TN,sage
1.4612121281880204,0.873631794678112,0.4565457789258319,GO:0010498,GOBP,GIANT-TN,sage
1.1089326375020532,0.8849907677077519,0.5915414469411422,GO:0006979,GOBP,GIANT-TN,sage
1.1363692478816865,0.3472650853776038,0.4708664253842359,GO:0097190,GOBP,GIANT-TN,sage
3.2252959030671917,3.0438492464157427,0.9865510912685057,GO:0090150,GOBP,GIANT-TN,sage
1.4882197858608266,0.6061654277565413,0.20097417171144122,GO:0016050,GOBP,GIANT-TN,sage
2.5552731675462117,3.168877155643923,1.51835105212307,GO:0007268,GOBP,GIANT-TN,sage
1.8330667799115463,0.39350088196198896,0.17036933093955495,GO:0006486,GOBP,GIANT-TN,sage
1.0418139434830604,0.6279814194854887,1.091002569775569,GO:0006888,GOBP,GIANT-TN,sage
2.108213880726084,1.1373265523234475,0.6688995664170543,GO:0006302,GOBP,GIANT-TN,sage
1.4059997897526122,-0.40674632764937807,0.10262744512673136,GO:0050821,GOBP,GIANT-TN,sage
1.0911373224274987,1.102522306174239,0.6728550084769569,GO:0010038,GOBP,GIANT-TN,sage
2.010079427116115,1.2353742879373126,0.9338670487517043,GO:0022618,GOBP,GIANT-TN,sage
1.5943390222670055,0.2707436489177949,0.21990700290933857,GO:0006816,GOBP,GIANT-TN,sage
1.93018271122841,2.967898132085132,1.9257924036745289,GO:0043588,GOBP,GIANT-TN,sage
1.3687322610912402,1.3375032743184594,0.9768534750939248,GO:0016236,GOBP,GIANT-TN,sage
1.4437196197804434,0.6719456009676261,0.29638143278166895,GO:0006986,GOBP,GIANT-TN,sage
1.8800188842319159,-0.14157885231048942,1.4219185994498054,GO:0006333,GOBP,GIANT-TN,sage
1.1754870286964918,1.6357464845281058,-0.3140414740208083,GO:0006470,GOBP,GIANT-TN,sage
1.7385995719016827,0.32209910027443794,0.07261178622893961,GO:0009411,GOBP,GIANT-TN,sage
2.0807551284387915,0.23703697715688604,1.4713503019087664,GO:0006473,GOBP,GIANT-TN,sage
3.4657476764810538,2.715450482853381,2.0436968309830315,GO:0045333,GOBP,GIANT-TN,sage
3.17373548293502,2.18765460182548,0.1872739231469324,GO:0007051,GOBP,GIANT-TN,sage
2.174170079095665,1.901584312933621,1.1498967473719766,GO:0006813,GOBP,GIANT-TN,sage
3.3178450463930558,0.1593572690815708,0.286827923169801,GO:0006497,GOBP,GIANT-TN,sage
4.033489743251585,2.8989639063480315,2.7556484000776202,GO:0006261,GOBP,GIANT-TN,sage
2.193638335101719,-0.005933611685643104,-0.0306375927040115,GO:0046496,GOBP,GIANT-TN,sage
1.8668193886418267,0.28012197734089833,0.8203848126905404,GO:0006479,GOBP,GIANT-TN,sage
2.9193818280908532,0.3399294013154022,0.43956611632346354,GO:0042147,GOBP,GIANT-TN,sage
2.195549410887793,0.2209434262407727,0.1322498439903883,GO:0007030,GOBP,GIANT-TN,sage
3.592158930530057,1.328241276332503,0.18780414563235184,GO:0000725,GOBP,GIANT-TN,sage
4.28078386051736,1.4903107382386307,2.890493516041902,GO:0006414,GOBP,GIANT-TN,sage
1.8003051039819091,1.3017502114575463,0.9668838894933593,GO:0015893,GOBP,GIANT-TN,sage
1.52483627016557,0.86746373491673,0.3556775906432349,GO:0010970,GOBP,GIANT-TN,sage
1.559332801447327,0.8728558820721997,0.39166146466308244,GO:0007033,GOBP,GIANT-TN,sage
2.9255908294037165,2.0582693934785317,1.0675189115205803,GO:0008033,GOBP,GIANT-TN,sage
2.0444153617365215,1.0819204900035537,0.08930250471092416,GO:0030148,GOBP,GIANT-TN,sage
2.679437303953306,2.1514275921625283,0.8019835825622001,GO:0006865,GOBP,GIANT-TN,sage
2.3016466620216325,1.1416695776748131,0.11880357626443722,GO:0007032,GOBP,GIANT-TN,sage
2.8582708823785055,0.3619567221385799,-0.15008719438023133,GO:0009062,GOBP,GIANT-TN,sage
0.9558184336181635,0.5604911924603693,0.4898356056380381,DOID:4964,DisGeNet,STRING,gcn
1.4416255554288153,0.37828980793612454,1.3121662365783844,DOID:3463,DisGeNet,STRING,gcn
1.8583517731752874,0.850206859907979,1.4653342944483185,DOID:1279,DisGeNet,STRING,gcn
1.22281897078804,0.6963721518468665,0.2888283329972722,DOID:2994,DisGeNet,STRING,gcn
1.4055301332848407,0.5808946428392412,-0.02514013922964559,DOID:303,DisGeNet,STRING,gcn
1.187489758014194,0.42448191817837433,0.7618766790623105,DOID:3312,DisGeNet,STRING,gcn
1.2346262010581897,0.15855626141008367,0.319029634458852,DOID:345,DisGeNet,STRING,gcn
1.5346109128194811,1.1741278986115453,0.15843337740611185,DOID:2531,DisGeNet,STRING,gcn
1.211644057055312,0.28905511318849614,-0.17810800473358712,DOID:403,DisGeNet,STRING,gcn
1.446387605854205,0.8120888273173913,1.0105381590202196,DOID:2952,DisGeNet,STRING,gcn
1.1769100595498867,0.8377458380094592,1.1417756917090711,DOID:1443,DisGeNet,STRING,gcn
1.3925577547414774,0.7049721528461173,0.2634050547827625,DOID:423,DisGeNet,STRING,gcn
1.5550798692838586,0.32812572120356504,0.11101350644499487,DOID:76,DisGeNet,STRING,gcn
1.4974803058965258,0.8481875081355162,0.4521626384515298,DOID:10763,DisGeNet,STRING,gcn
2.1298497809604457,2.3504168082210004,1.9222537367249068,DOID:5679,DisGeNet,STRING,gcn
1.357553674961919,0.4276833260142059,0.05947460036135412,DOID:10155,DisGeNet,STRING,gcn
1.5109206014810572,0.07236020619947368,0.23245259147718042,DOID:3393,DisGeNet,STRING,gcn
2.0499210748134074,0.9704542589678424,0.42711970889372824,DOID:417,DisGeNet,STRING,gcn
1.3405124792647967,0.4959291405433396,0.3350447199581763,DOID:2723,DisGeNet,STRING,gcn
1.4257500400723002,1.019836481113062,0.6584859712007491,DOID:848,DisGeNet,STRING,gcn
1.32174851976589,0.4508464406196303,0.30466325153618085,DOID:12849,DisGeNet,STRING,gcn
1.6461334272833008,1.3760048940829648,0.8601720748636572,DOID:3571,DisGeNet,STRING,gcn
1.947189379550544,2.019306745073643,1.6331908298735585,DOID:374,DisGeNet,STRING,gcn
2.2778973715609587,1.5895351304489083,1.833002711667476,DOID:110,DisGeNet,STRING,gcn
0.8022626560371799,0.9548486534937135,0.444701054232494,DOID:2355,DisGeNet,STRING,gcn
1.7415270307968922,0.8498894521710243,0.09794403757319808,DOID:4159,DisGeNet,STRING,gcn
1.6153502029170466,0.6642050829558042,-0.35195959255375076,DOID:9351,DisGeNet,STRING,gcn
1.478828257633418,1.1401044854611724,0.784704717876912,DOID:1247,DisGeNet,STRING,gcn
1.7004927606625075,0.7430951305964253,1.5056800515814666,DOID:2786,DisGeNet,STRING,gcn
1.93156480052816,0.43838965088104864,0.7671124197593224,DOID:0050700,DisGeNet,STRING,gcn
1.5657402945581775,0.8803515907433436,0.8035459219032332,DOID:480,DisGeNet,STRING,gcn
1.9005464882330323,0.24613922808116281,1.0740258424437679,DOID:3620,DisGeNet,STRING,gcn
1.7002331799345094,0.01656493000433115,0.6458723806777105,DOID:6050,DisGeNet,STRING,gcn
2.1811700463054335,0.36441451709001466,0.7490239756728994,DOID:9837,DisGeNet,STRING,gcn
1.8111049185326644,0.7676657265977974,0.516190059891385,DOID:1682,DisGeNet,STRING,gcn
1.5592474734825341,0.13865874580268203,0.4345967317027922,DOID:2256,DisGeNet,STRING,gcn
1.807410051539914,0.3716843004339534,0.31196104618426185,DOID:10952,DisGeNet,STRING,gcn
2.1941434104348816,0.05974194508320694,0.25611148163015346,DOID:11383,DisGeNet,STRING,gcn
1.7163473432635643,0.6787037717149651,0.07034750571888475,DOID:161,DisGeNet,STRING,gcn
1.9742800592272949,0.8722734619484349,0.2873738272987384,DOID:1934,DisGeNet,STRING,gcn
2.450551082095478,1.8531941926168658,2.5164311152744894,DOID:10124,DisGeNet,STRING,gcn
2.5232664008133368,1.568775575497013,2.5729766171497315,DOID:1891,DisGeNet,STRING,gcn
1.9541222722514928,0.6185617034866886,1.2679460423378526,DOID:0060260,DisGeNet,STRING,gcn
2.2866864250695214,1.6967782389567947,2.0374796954600445,DOID:1924,DisGeNet,STRING,gcn
1.7356391849762596,0.6527912640239457,0.47593118322203315,DOID:0050567,DisGeNet,STRING,gcn
2.0563558736608063,-0.010915402098753729,0.17556283642988496,DOID:3891,DisGeNet,STRING,gcn
2.0760983374425885,0.22416685620238408,0.8725197082014232,DOID:263,DisGeNet,STRING,gcn
2.2748475899242555,1.2334893925210266,0.9878957721254492,DOID:1205,DisGeNet,STRING,gcn
1.160530151601713,0.538051725732787,0.07944853360247882,DOID:381,DisGeNet,STRING,gcn
2.2831251086470408,0.6577965374315674,2.065247457953216,DOID:120,DisGeNet,STRING,gcn
1.6027712250178876,0.5616149431141928,1.43060468985796,DOID:289,DisGeNet,STRING,gcn
2.0054413374350215,0.3860594517476386,2.316620569228871,DOID:1324,DisGeNet,STRING,gcn
1.7620054204622675,0.6828251210703083,0.3897148375028475,DOID:5082,DisGeNet,STRING,gcn
1.3605663918644246,0.6899563231304756,0.49576909422719684,DOID:934,DisGeNet,STRING,gcn
1.9679549311483415,1.3890038882926137,1.6762302896071115,DOID:680,DisGeNet,STRING,gcn
2.095398360420887,0.5044931544171398,0.5634831184454396,DOID:0050888,DisGeNet,STRING,gcn
4.015810361127172,3.047242616717415,2.6002034427756304,DOID:10584,DisGeNet,STRING,gcn
3.223276867878263,1.9031876144206326,1.9795226182131733,DOID:1432,DisGeNet,STRING,gcn
2.186992120867182,0.9611493744602219,1.0610194211980986,DOID:1100,DisGeNet,STRING,gcn
1.8950357511240592,0.02674892032396368,-0.17336009190969245,DOID:421,DisGeNet,STRING,gcn
1.704553445585454,0.4148732609341778,0.7577756883713324,DOID:11836,DisGeNet,STRING,gcn
2.3445600770755486,0.44712122110975866,0.5260187772912237,DOID:7148,DisGeNet,STRING,gcn
2.286921437783506,2.735401887605948,-0.06959087899191094,DOID:1037,DisGeNet,STRING,gcn
2.0195161995303117,0.9529511532758521,0.24949535139816054,DOID:11612,DisGeNet,STRING,gcn
1.662913364370623,0.39577389499074794,0.8116688972641111,DOID:5418,DisGeNet,STRING,gcn
3.1089118342540956,1.7341376340296837,2.4707927554322953,DOID:1686,DisGeNet,STRING,gcn
1.8385410097143464,-0.16985820098372184,-0.2510670586184375,DOID:4079,DisGeNet,STRING,gcn
1.871745394605268,1.348766940118341,0.6032625976798377,DOID:767,DisGeNet,STRING,gcn
3.00277127487607,1.2028919668368092,0.5245765538078149,DOID:9975,DisGeNet,STRING,gcn
2.4265668449677484,0.6892147433476221,0.684238405070235,DOID:10629,DisGeNet,STRING,gcn
3.999048475924535,2.7735270427028236,1.7152928750082332,DOID:700,DisGeNet,STRING,gcn
2.0910691233887575,0.1560063208870603,0.5489210904796709,DOID:9741,DisGeNet,STRING,gcn
3.885936337210515,1.8669784608720148,1.2076052511043784,DOID:3650,DisGeNet,STRING,gcn
2.357919576397353,0.3660802694545528,-0.2635265866091899,DOID:1790,DisGeNet,STRING,gcn
2.1669382712494554,0.06121244187522452,-0.09941930353419752,DOID:974,DisGeNet,STRING,gcn
1.9313162656956133,2.2957180145159213,1.4388036128014128,DOID:3146,DisGeNet,STRING,gcn
2.595258939184879,0.1532013554672443,0.4974632000402126,DOID:9252,DisGeNet,STRING,gcn
2.39010070588425,-0.12870741950381756,0.48073357063121097,DOID:1657,DisGeNet,STRING,gcn
3.9286587001193096,2.884983593247957,2.6044673756678334,DOID:10141,DisGeNet,STRING,gcn
1.8876812858088465,0.34871414216841495,-0.09898445386223406,DOID:1425,DisGeNet,STRING,gcn
2.6203772903654565,1.6262111765351421,1.7631313002491524,DOID:2978,DisGeNet,STRING,gcn
2.2792222706044605,1.8212261821059728,0.2037275720039797,DOID:7327,DisGeNet,STRING,gcn
2.885278876697488,0.30965894571297187,0.04595976695889561,DOID:6498,DisGeNet,STRING,gcn
3.110303345984343,1.0066198267076008,1.1217230387292159,DOID:9884,DisGeNet,STRING,gcn
2.2756943038124877,1.3417050732884734,0.7665691154384245,DOID:1923,DisGeNet,STRING,gcn
2.8188930542128827,1.7186903945183185,0.7568694586999618,DOID:9993,DisGeNet,STRING,gcn
3.47784824038242,1.094955179533843,1.9184827391990522,DOID:12336,DisGeNet,STRING,gcn
3.035634460787568,1.4691211305061664,0.7551766022439795,DOID:4866,DisGeNet,STRING,gcn
4.898258111539908,4.018804275260527,2.6675969449488837,DOID:0050565,DisGeNet,STRING,gcn
2.1674817433116913,0.8208420683737773,1.0635401101450903,DOID:9406,DisGeNet,STRING,gcn
5.423002864458739,3.334098652346597,4.199827016542837,DOID:0050534,DisGeNet,STRING,gcn
4.1125190631226625,3.277536846101386,3.7340746625860772,DOID:2018,DisGeNet,STRING,gcn
3.6474432051480505,1.7398481403874213,1.4863226307676056,DOID:607,DisGeNet,STRING,gcn
3.2650407009208955,1.0545408730611947,1.149761399009135,DOID:12798,DisGeNet,STRING,gcn
4.318272487767696,3.2777886030272967,0.5990824229042652,DOID:0050889,DisGeNet,STRING,gcn
3.583047277122218,2.2980471088331895,2.8074651785689917,DOID:898,DisGeNet,STRING,gcn
5.510648819275957,3.371523908301776,4.749269207834033,DOID:10126,DisGeNet,STRING,gcn
1.451987266748345,0.817974203774007,1.2059466519833826,DOID:4964,DisGeNet,STRING,sage
1.4484803714927266,0.4981322984876791,0.8764151044001861,DOID:3463,DisGeNet,STRING,sage
1.7438971347119339,0.7127936438446332,1.393934606472436,DOID:1279,DisGeNet,STRING,sage
1.3774427308901134,0.5185450981952342,0.009777142099278472,DOID:2994,DisGeNet,STRING,sage
2.0256706718261936,1.2048275149293037,0.3964854253320669,DOID:303,DisGeNet,STRING,sage
1.4227222240043407,0.9733993911414746,1.1378410855607144,DOID:3312,DisGeNet,STRING,sage
1.2884918445129503,0.2892977475411868,0.11882350685255538,DOID:345,DisGeNet,STRING,sage
1.5602106219679657,0.2409952770600419,0.33873994677194336,DOID:2531,DisGeNet,STRING,sage
1.343972382777227,0.3951870046385784,0.3983934789162549,DOID:403,DisGeNet,STRING,sage
1.6708054545539315,0.8412374518381782,1.1655309088657912,DOID:2952,DisGeNet,STRING,sage
1.5816905911680257,0.8543408461873572,1.2144993609183479,DOID:1443,DisGeNet,STRING,sage
1.5078503326302801,0.7508335293574396,0.11556897033654988,DOID:423,DisGeNet,STRING,sage
1.5384627806063387,0.43413335835367634,-0.005736725222544314,DOID:76,DisGeNet,STRING,sage
1.6121669857728473,0.5300153886549275,0.4775879157035869,DOID:10763,DisGeNet,STRING,sage
1.838093238245791,1.5026459915857848,1.6769671589295372,DOID:5679,DisGeNet,STRING,sage
1.5547634051796662,0.36501867658520415,0.5786660264736799,DOID:10155,DisGeNet,STRING,sage
1.717507868880299,0.5635972851336615,0.6934924860692919,DOID:3393,DisGeNet,STRING,sage
1.84034032020113,1.6014724098500845,0.47767935184159627,DOID:417,DisGeNet,STRING,sage
1.4523707676134978,0.4663769972574707,0.5480365134976032,DOID:2723,DisGeNet,STRING,sage
1.1243124875476775,2.266810635617186,1.1761320091524539,DOID:848,DisGeNet,STRING,sage
1.4313913917769334,0.7459284758066367,0.26700440041306917,DOID:12849,DisGeNet,STRING,sage
1.8348377941088554,0.7684212404174192,0.16751442734476854,DOID:3571,DisGeNet,STRING,sage
1.3926289908014904,1.017427427303056,1.6164974271117962,DOID:374,DisGeNet,STRING,sage
1.9786795004681985,1.2687909832494852,1.3631290751130365,DOID:110,DisGeNet,STRING,sage
1.3895938864097588,0.9916152464061334,0.13727110963877745,DOID:2355,DisGeNet,STRING,sage
1.5653736129704094,-0.08869591845309237,0.16344970184548574,DOID:4159,DisGeNet,STRING,sage
1.8121996446030415,0.6548596787671892,0.4097941259511532,DOID:9351,DisGeNet,STRING,sage
1.5209518299628864,1.3197801536119933,1.1008732218036772,DOID:1247,DisGeNet,STRING,sage
2.176400889581314,1.7030122367952547,1.7822299666130224,DOID:2786,DisGeNet,STRING,sage
1.9058227753127006,1.1121860331594282,1.4918129076881848,DOID:0050700,DisGeNet,STRING,sage
1.7022729885252037,1.478827268678632,1.527144124248161,DOID:480,DisGeNet,STRING,sage
2.017456424902912,-0.08827834121803158,1.9761798026309805,DOID:3620,DisGeNet,STRING,sage
1.6560774712617456,0.4385399271024538,0.17898297568831756,DOID:6050,DisGeNet,STRING,sage
1.952041802829446,0.9752351750079095,1.1986448479654201,DOID:9837,DisGeNet,STRING,sage
1.9855023666272114,0.15706644294107167,0.5101416493525609,DOID:1682,DisGeNet,STRING,sage
1.8441721371688637,0.23251586682817002,0.45305956438350514,DOID:2256,DisGeNet,STRING,sage
1.956095639961479,-0.1303563173340818,-0.08884763325746918,DOID:10952,DisGeNet,STRING,sage
2.136271937870007,0.6071668121988221,0.8637730001908615,DOID:11383,DisGeNet,STRING,sage
1.7901396239186924,0.6890464605380778,0.12896534606220247,DOID:161,DisGeNet,STRING,sage
1.8727830615490664,0.5745607094720441,0.9026767804103535,DOID:1934,DisGeNet,STRING,sage
2.1830984259571413,1.5863848021492157,1.1475659008167158,DOID:10124,DisGeNet,STRING,sage
2.574230933886038,1.4862124068621556,2.0947906189410714,DOID:1891,DisGeNet,STRING,sage
2.3416468120170246,1.4367831423730066,0.9683405101388605,DOID:0060260,DisGeNet,STRING,sage
2.120143193982295,1.4123052546913886,1.3823433883637959,DOID:1924,DisGeNet,STRING,sage
2.066770448209446,0.2739153609222221,0.60536335659649,DOID:0050567,DisGeNet,STRING,sage
1.8617968161279954,0.7473661315746786,1.2615543804942608,DOID:3891,DisGeNet,STRING,sage
2.3430859990387227,0.3546471745797264,0.3544673783255018,DOID:263,DisGeNet,STRING,sage
2.440967354736844,0.12146447401726287,0.14921222325877337,DOID:1205,DisGeNet,STRING,sage
1.3546157022414287,0.9691339795914737,1.4007271280363707,DOID:381,DisGeNet,STRING,sage
2.3959569630745428,-0.3351254513101362,2.576250858999934,DOID:120,DisGeNet,STRING,sage
1.735173419346214,0.4228773600952036,0.5136839450937124,DOID:289,DisGeNet,STRING,sage
2.226769757035566,1.067991061244016,0.5751129344665122,DOID:1324,DisGeNet,STRING,sage
2.024083059389755,0.32914624176116614,0.6296888465113156,DOID:5082,DisGeNet,STRING,sage
1.59050788620103,2.5373672264174383,2.4778004605765247,DOID:934,DisGeNet,STRING,sage
2.048367566973783,1.0097412458585389,0.5934764113321688,DOID:680,DisGeNet,STRING,sage
2.047958011745068,1.1379587863727285,1.635517480722669,DOID:0050888,DisGeNet,STRING,sage
3.7722767959712136,2.616409980767286,1.617282089064099,DOID:10584,DisGeNet,STRING,sage
2.515398345764745,1.585471099373376,2.068537557098812,DOID:1432,DisGeNet,STRING,sage
2.141917387738,0.0814880030892095,0.6277788548515302,DOID:1100,DisGeNet,STRING,sage
1.852125706816783,1.4858564430342562,0.00774608507469245,DOID:421,DisGeNet,STRING,sage
2.1753554073693726,1.1963122111694564,0.4161330800588363,DOID:11836,DisGeNet,STRING,sage
1.9262814210316523,4.799991141223984,0.8071842386803102,DOID:7148,DisGeNet,STRING,sage
2.2038880621947454,1.2439713415159546,0.6054418810078377,DOID:1037,DisGeNet,STRING,sage
1.9599320267819187,0.15158386449908728,-0.1481265879869279,DOID:11612,DisGeNet,STRING,sage
1.7491618508319133,0.09231428631676192,-0.34486428118877294,DOID:5418,DisGeNet,STRING,sage
2.8502850342616775,2.1831689371741287,2.2232620303964516,DOID:1686,DisGeNet,STRING,sage
2.532252238245835,0.15963790541630005,1.6625133085427488,DOID:4079,DisGeNet,STRING,sage
2.2817967762213103,1.8661999762057344,3.145755550822298,DOID:767,DisGeNet,STRING,sage
2.7805962826180304,1.4057503587361153,1.8477352149723236,DOID:9975,DisGeNet,STRING,sage
2.3833669476616426,0.4533100915188688,0.20463985610302524,DOID:10629,DisGeNet,STRING,sage
4.724865196179023,3.52455680418541,2.5950470351802957,DOID:700,DisGeNet,STRING,sage
1.2653725431343166,0.49155116570953955,0.8816464206509552,DOID:9741,DisGeNet,STRING,sage
4.114453892373349,2.745480097533211,2.0670167661525816,DOID:3650,DisGeNet,STRING,sage
2.4319454365388986,0.295819859489249,0.6381737804900152,DOID:1790,DisGeNet,STRING,sage
2.095864323756548,-0.31560596301766025,0.6584345511396814,DOID:974,DisGeNet,STRING,sage
2.643638182791182,3.1438892348785226,2.5340374337740084,DOID:3146,DisGeNet,STRING,sage
2.356685385004601,1.2374832932264044,1.3911258119001015,DOID:9252,DisGeNet,STRING,sage
2.3380611273426677,0.4260095328204494,0.16158206044540147,DOID:1657,DisGeNet,STRING,sage
3.185044876217037,3.243116524238829,2.765320505190309,DOID:10141,DisGeNet,STRING,sage
2.3453450354297183,-0.024017921957904035,0.10160735631315058,DOID:1425,DisGeNet,STRING,sage
2.4315289580088617,2.959546877543672,2.317424961918383,DOID:2978,DisGeNet,STRING,sage
2.6562259904640726,1.042420414274067,0.47489723893019026,DOID:7327,DisGeNet,STRING,sage
2.2711081116817526,1.057240094921253,1.999891742594196,DOID:6498,DisGeNet,STRING,sage
2.584509316055519,1.3271148839425282,0.7744435180556873,DOID:9884,DisGeNet,STRING,sage
2.090570483574095,0.8151727372007582,2.07986645271943,DOID:1923,DisGeNet,STRING,sage
3.086097628236141,2.4999433421267594,3.4455615757883544,DOID:9993,DisGeNet,STRING,sage
3.134444749140691,0.04804691720853522,0.6767777735648977,DOID:12336,DisGeNet,STRING,sage
3.077765596960643,0.801465871504572,1.3468625052952072,DOID:4866,DisGeNet,STRING,sage
4.7203068799629575,2.476852966684649,0.6623735491967933,DOID:0050565,DisGeNet,STRING,sage
2.9273202248097925,3.076413640252557,2.266013955398987,DOID:9406,DisGeNet,STRING,sage
5.056962756882439,2.1336089034524157,3.422290199191556,DOID:0050534,DisGeNet,STRING,sage
3.605961424805661,3.1626986277321256,1.7740101923347997,DOID:2018,DisGeNet,STRING,sage
4.00964900846412,1.73511064721402,2.4154101916006567,DOID:607,DisGeNet,STRING,sage
3.220626503215382,1.6282777285932428,0.8259041714211388,DOID:12798,DisGeNet,STRING,sage
4.002511572638232,-0.15162163367618903,2.106029981567806,DOID:0050889,DisGeNet,STRING,sage
3.5163389504383646,2.689950973829843,3.5549966843289798,DOID:898,DisGeNet,STRING,sage
4.994091811761843,3.847230659639416,2.8734567670477302,DOID:10126,DisGeNet,STRING,sage
2.1206976587325292,1.1889942685907815,1.2141439643124667,GO:0006650,GOBP,STRING,gcn
3.65462347324923,2.729578719900047,3.4688432543963534,GO:0006402,GOBP,STRING,gcn
3.1221396945967403,2.617929728843486,2.4840002862981625,GO:0010498,GOBP,STRING,gcn
1.7889327180072083,0.8121382701600357,1.09774790387812,GO:0006979,GOBP,STRING,gcn
2.0085744921413715,2.223287707026489,1.159430116447984,GO:0097190,GOBP,STRING,gcn
3.4411582941597754,3.5632221109510405,2.278500313974823,GO:0090150,GOBP,STRING,gcn
2.683759516270883,2.0448131992751692,1.633893769348068,GO:0016050,GOBP,STRING,gcn
3.0913176870678494,3.636325962510202,2.0956381479742725,GO:0007268,GOBP,STRING,gcn
4.497702149234129,3.9728145419595133,2.763967962235471,GO:0006486,GOBP,STRING,gcn
2.610888513682444,2.8115232738129943,1.5532582012544554,GO:0006888,GOBP,STRING,gcn
3.1557313281433577,2.0909506013543746,2.2180743722238367,GO:0006302,GOBP,STRING,gcn
0.7536009026099728,0.07588615311342767,0.7566975089653039,GO:0050821,GOBP,STRING,gcn
2.8491303112942754,2.8900829765346665,1.5734373883809532,GO:0048812,GOBP,STRING,gcn
3.255150807529199,2.944245470833945,2.7712923005584815,GO:0022618,GOBP,STRING,gcn
3.0921095455148766,0.6340923200064086,2.923409165114353,GO:0006816,GOBP,STRING,gcn
3.9344013082597655,4.72928088914443,3.156402300459806,GO:0043588,GOBP,STRING,gcn
3.3780373932661507,3.116815054722413,2.915554436180513,GO:0016236,GOBP,STRING,gcn
2.0110359605918653,0.6941928824757926,0.46218221656253666,GO:0006986,GOBP,STRING,gcn
3.9060439037075043,2.835147753446793,2.929898013736906,GO:0006333,GOBP,STRING,gcn
3.9043051855586226,2.3221739130403987,2.4168872581286935,GO:0006611,GOBP,STRING,gcn
4.120301098723148,3.972357295188119,3.9626831490907595,GO:0006470,GOBP,STRING,gcn
3.2047833472725564,1.5999413096677542,1.688544021560992,GO:0006473,GOBP,STRING,gcn
5.2920310139859525,4.090544423685676,4.143461603325854,GO:0045333,GOBP,STRING,gcn
2.6907766118875855,2.786372036728393,2.88422374563298,GO:0007051,GOBP,STRING,gcn
5.021902038672676,4.731769622168858,3.766692632651836,GO:0006813,GOBP,STRING,gcn
3.939000515056748,0.9093707550773077,1.3516892932256055,GO:0006497,GOBP,STRING,gcn
4.157850245343279,4.094537933401509,4.440612951245823,GO:0006261,GOBP,STRING,gcn
2.625692908555128,3.2913105218272114,1.4985973943798139,GO:0006479,GOBP,STRING,gcn
5.326348585471392,2.7288792664923855,1.3034402479855909,GO:0042147,GOBP,STRING,gcn
2.918941828047085,1.598198735526211,1.513119465718452,GO:0007030,GOBP,STRING,gcn
3.296767389040442,2.4602142481568916,1.8999410700230777,GO:0009168,GOBP,STRING,gcn
4.13472245494421,2.803021301831206,1.989414198726654,GO:0000725,GOBP,STRING,gcn
3.154488314336805,1.519859935002399,1.4656181542163746,GO:0015893,GOBP,STRING,gcn
3.9793767884463875,1.3687683226608012,1.9963965979157439,GO:0010970,GOBP,STRING,gcn
3.5824548846736417,2.689266319211221,1.6722027762097356,GO:0007033,GOBP,STRING,gcn
3.747023806473626,1.016594475548815,0.6164557536445214,GO:0006650,GOBP,STRING,sage
3.72764931137853,2.6625293224802706,3.9443306376790828,GO:0006402,GOBP,STRING,sage
3.041185885767293,1.696650026785659,1.9120122833993556,GO:0010498,GOBP,STRING,sage
2.3976035149523125,1.8145270626418022,0.3447353523392226,GO:0006979,GOBP,STRING,sage
2.69580713267174,1.9463975913340228,0.7155098103655437,GO:0097190,GOBP,STRING,sage
3.543925035237513,2.21257612548813,0.2563245825855924,GO:0090150,GOBP,STRING,sage
3.432610432491086,1.452760674588474,1.4599971051889695,GO:0016050,GOBP,STRING,sage
3.5149176980547745,3.2982619993358653,1.4021427662458112,GO:0007268,GOBP,STRING,sage
4.6434222615266085,3.5405927771037864,2.429020534834387,GO:0006486,GOBP,STRING,sage
3.091596163089277,2.130267743917508,0.9090158677853597,GO:0006888,GOBP,STRING,sage
3.4211681721330707,1.5509363127837457,1.4600075988713535,GO:0006302,GOBP,STRING,sage
2.5744092840118125,0.17913053083863315,0.9343376447670739,GO:0050821,GOBP,STRING,sage
3.277322000396654,1.2979024924281921,0.9941769174107796,GO:0048812,GOBP,STRING,sage
3.3900981291527685,3.1059871477578636,2.0859373227769544,GO:0022618,GOBP,STRING,sage
3.331285520947918,-0.1903484073720497,1.1944971248346723,GO:0006816,GOBP,STRING,sage
3.91407733946987,2.974098693938409,2.014415851667568,GO:0043588,GOBP,STRING,sage
3.916139869891012,2.9405945750332356,2.0845757339650883,GO:0016236,GOBP,STRING,sage
2.4300821549439044,1.389128339821462,1.8357365584781216,GO:0006986,GOBP,STRING,sage
3.788598374170168,2.360798707347933,1.7358604645672395,GO:0006333,GOBP,STRING,sage
3.9870878531405625,2.4843408156389297,2.1825760689664926,GO:0006611,GOBP,STRING,sage
4.245600847074812,3.6794554656453586,3.4574512809675815,GO:0006470,GOBP,STRING,sage
4.370132054666453,2.1334752087476057,2.6194419903299986,GO:0006473,GOBP,STRING,sage
5.276661911664557,3.814156389115266,2.66969227057143,GO:0045333,GOBP,STRING,sage
2.66654300431185,2.053821480179743,1.0556240901674858,GO:0007051,GOBP,STRING,sage
5.166102098957207,4.670040154423781,3.8029587924104282,GO:0006813,GOBP,STRING,sage
5.65370978840127,0.13610925656568507,1.6733422920657814,GO:0006497,GOBP,STRING,sage
4.349499023035559,2.628599866143518,2.585021955603746,GO:0006261,GOBP,STRING,sage
4.202728879317652,1.8964605500259446,1.524454877277213,GO:0006479,GOBP,STRING,sage
5.444591763302506,1.797671972989436,0.6668939113678305,GO:0042147,GOBP,STRING,sage
3.608097092099518,2.2127525449042285,1.2478793715715701,GO:0007030,GOBP,STRING,sage
4.626374617693244,1.7726858586473273,1.080423516123381,GO:0009168,GOBP,STRING,sage
4.679680504860033,1.4190512076320805,0.7369280711902526,GO:0000725,GOBP,STRING,sage
4.983072663483698,2.591015395881324,1.6244278269887327,GO:0015893,GOBP,STRING,sage
4.347396320917386,0.408272631259731,0.7162608158580992,GO:0010970,GOBP,STRING,sage
4.706640848245955,2.1803358939974524,2.7126247930178304,GO:0007033,GOBP,STRING,sage
